region;distance;urban;year;amount
Stockholms län;400;inom tätort;2014;1927193
Stockholms län;400;inom tätort;2015;1958681
Stockholms län;400;inom tätort;2016;1988588
Stockholms län;400;inom tätort;2017;2016888
Stockholms län;400;inom tätort;2018;2067802
Stockholms län;400;inom tätort;2019;2098297
Stockholms län;400;inom tätort;2020;2105484
Stockholms län;400;utanför tätort;2014;18658
Stockholms län;400;utanför tätort;2015;18495
Stockholms län;400;utanför tätort;2016;20835
Stockholms län;400;utanför tätort;2017;25127
Stockholms län;400;utanför tätort;2018;23469
Stockholms län;400;utanför tätort;2019;26218
Stockholms län;400;utanför tätort;2020;23408
Stockholms län;500;inom tätort;2014;2023372
Stockholms län;500;inom tätort;2015;2054717
Stockholms län;500;inom tätort;2016;2085526
Stockholms län;500;inom tätort;2017;2116139
Stockholms län;500;inom tätort;2018;2169806
Stockholms län;500;inom tätort;2019;2201038
Stockholms län;500;inom tätort;2020;2211202
Stockholms län;500;utanför tätort;2014;22425
Stockholms län;500;utanför tätort;2015;22307
Stockholms län;500;utanför tätort;2016;24998
Stockholms län;500;utanför tätort;2017;30074
Stockholms län;500;utanför tätort;2018;28221
Stockholms län;500;utanför tätort;2019;31361
Stockholms län;500;utanför tätort;2020;27880
Stockholms län;1000;inom tätort;2014;2104849
Stockholms län;1000;inom tätort;2015;2136440
Stockholms län;1000;inom tätort;2016;2169667
Stockholms län;1000;inom tätort;2017;2202238
Stockholms län;1000;inom tätort;2018;2255734
Stockholms län;1000;inom tätort;2019;2287790
Stockholms län;1000;inom tätort;2020;2303281
Stockholms län;1000;utanför tätort;2014;36343
Stockholms län;1000;utanför tätort;2015;36270
Stockholms län;1000;utanför tätort;2016;39884
Stockholms län;1000;utanför tätort;2017;46134
Stockholms län;1000;utanför tätort;2018;44291
Stockholms län;1000;utanför tätort;2019;48792
Stockholms län;1000;utanför tätort;2020;44083
Stockholms län;2000;inom tätort;2014;2115697
Stockholms län;2000;inom tätort;2015;2147599
Stockholms län;2000;inom tätort;2016;2180705
Stockholms län;2000;inom tätort;2017;2213399
Stockholms län;2000;inom tätort;2018;2266689
Stockholms län;2000;inom tätort;2019;2297545
Stockholms län;2000;inom tätort;2020;2314001
Stockholms län;2000;utanför tätort;2014;52836
Stockholms län;2000;utanför tätort;2015;53517
Stockholms län;2000;utanför tätort;2016;57490
Stockholms län;2000;utanför tätort;2017;63638
Stockholms län;2000;utanför tätort;2018;61017
Stockholms län;2000;utanför tätort;2019;65013
Stockholms län;2000;utanför tätort;2020;60566
Uppsala län;400;inom tätort;2014;252958
Uppsala län;400;inom tätort;2015;254896
Uppsala län;400;inom tätort;2016;259814
Uppsala län;400;inom tätort;2017;264724
Uppsala län;400;inom tätort;2018;275402
Uppsala län;400;inom tätort;2019;279269
Uppsala län;400;inom tätort;2020;284644
Uppsala län;400;utanför tätort;2014;14035
Uppsala län;400;utanför tätort;2015;14227
Uppsala län;400;utanför tätort;2016;14881
Uppsala län;400;utanför tätort;2017;15109
Uppsala län;400;utanför tätort;2018;16138
Uppsala län;400;utanför tätort;2019;17347
Uppsala län;400;utanför tätort;2020;16361
Uppsala län;500;inom tätort;2014;264830
Uppsala län;500;inom tätort;2015;267279
Uppsala län;500;inom tätort;2016;272476
Uppsala län;500;inom tätort;2017;277615
Uppsala län;500;inom tätort;2018;289739
Uppsala län;500;inom tätort;2019;294929
Uppsala län;500;inom tätort;2020;300244
Uppsala län;500;utanför tätort;2014;16602
Uppsala län;500;utanför tätort;2015;16858
Uppsala län;500;utanför tätort;2016;17791
Uppsala län;500;utanför tätort;2017;18205
Uppsala län;500;utanför tätort;2018;19142
Uppsala län;500;utanför tätort;2019;20518
Uppsala län;500;utanför tätort;2020;19465
Uppsala län;1000;inom tätort;2014;279972
Uppsala län;1000;inom tätort;2015;283666
Uppsala län;1000;inom tätort;2016;289388
Uppsala län;1000;inom tätort;2017;294921
Uppsala län;1000;inom tätort;2018;306097
Uppsala län;1000;inom tätort;2019;311808
Uppsala län;1000;inom tätort;2020;316681
Uppsala län;1000;utanför tätort;2014;26811
Uppsala län;1000;utanför tätort;2015;26971
Uppsala län;1000;utanför tätort;2016;28588
Uppsala län;1000;utanför tätort;2017;29510
Uppsala län;1000;utanför tätort;2018;30643
Uppsala län;1000;utanför tätort;2019;32074
Uppsala län;1000;utanför tätort;2020;31061
Uppsala län;2000;inom tätort;2014;282149
Uppsala län;2000;inom tätort;2015;286461
Uppsala län;2000;inom tätort;2016;292260
Uppsala län;2000;inom tätort;2017;297786
Uppsala län;2000;inom tätort;2018;309363
Uppsala län;2000;inom tätort;2019;315140
Uppsala län;2000;inom tätort;2020;320174
Uppsala län;2000;utanför tätort;2014;40687
Uppsala län;2000;utanför tätort;2015;41172
Uppsala län;2000;utanför tätort;2016;42735
Uppsala län;2000;utanför tätort;2017;44145
Uppsala län;2000;utanför tätort;2018;45123
Uppsala län;2000;utanför tätort;2019;46929
Uppsala län;2000;utanför tätort;2020;46091
Södermanlands län;400;inom tätort;2014;199941
Södermanlands län;400;inom tätort;2015;203087
Södermanlands län;400;inom tätort;2016;205050
Södermanlands län;400;inom tätort;2017;207674
Södermanlands län;400;inom tätort;2018;213926
Södermanlands län;400;inom tätort;2019;215845
Södermanlands län;400;inom tätort;2020;215888
Södermanlands län;400;utanför tätort;2014;7972
Södermanlands län;400;utanför tätort;2015;8380
Södermanlands län;400;utanför tätort;2016;8454
Södermanlands län;400;utanför tätort;2017;8691
Södermanlands län;400;utanför tätort;2018;9527
Södermanlands län;400;utanför tätort;2019;9595
Södermanlands län;400;utanför tätort;2020;9751
Södermanlands län;500;inom tätort;2014;214134
Södermanlands län;500;inom tätort;2015;217101
Södermanlands län;500;inom tätort;2016;219375
Södermanlands län;500;inom tätort;2017;222218
Södermanlands län;500;inom tätort;2018;227897
Södermanlands län;500;inom tätort;2019;229670
Södermanlands län;500;inom tätort;2020;230027
Södermanlands län;500;utanför tätort;2014;9595
Södermanlands län;500;utanför tätort;2015;10009
Södermanlands län;500;utanför tätort;2016;10084
Södermanlands län;500;utanför tätort;2017;10357
Södermanlands län;500;utanför tätort;2018;11323
Södermanlands län;500;utanför tätort;2019;11493
Södermanlands län;500;utanför tätort;2020;11624
Södermanlands län;1000;inom tätort;2014;231120
Södermanlands län;1000;inom tätort;2015;233803
Södermanlands län;1000;inom tätort;2016;236832
Södermanlands län;1000;inom tätort;2017;239133
Södermanlands län;1000;inom tätort;2018;244022
Södermanlands län;1000;inom tätort;2019;246171
Södermanlands län;1000;inom tätort;2020;248151
Södermanlands län;1000;utanför tätort;2014;16563
Södermanlands län;1000;utanför tätort;2015;17062
Södermanlands län;1000;utanför tätort;2016;17184
Södermanlands län;1000;utanför tätort;2017;17700
Södermanlands län;1000;utanför tätort;2018;18521
Södermanlands län;1000;utanför tätort;2019;18793
Södermanlands län;1000;utanför tätort;2020;18812
Södermanlands län;2000;inom tätort;2014;233731
Södermanlands län;2000;inom tätort;2015;236501
Södermanlands län;2000;inom tätort;2016;240153
Södermanlands län;2000;inom tätort;2017;242388
Södermanlands län;2000;inom tätort;2018;247503
Södermanlands län;2000;inom tätort;2019;249653
Södermanlands län;2000;inom tätort;2020;251805
Södermanlands län;2000;utanför tätort;2014;26773
Södermanlands län;2000;utanför tätort;2015;27304
Södermanlands län;2000;utanför tätort;2016;27626
Södermanlands län;2000;utanför tätort;2017;28337
Södermanlands län;2000;utanför tätort;2018;29038
Södermanlands län;2000;utanför tätort;2019;29497
Södermanlands län;2000;utanför tätort;2020;29468
Östergötlands län;400;inom tätort;2014;318395
Östergötlands län;400;inom tätort;2015;321640
Östergötlands län;400;inom tätort;2016;327006
Östergötlands län;400;inom tätort;2017;330600
Östergötlands län;400;inom tätort;2018;339982
Östergötlands län;400;inom tätort;2019;341716
Östergötlands län;400;inom tätort;2020;339099
Östergötlands län;400;utanför tätort;2014;9331
Östergötlands län;400;utanför tätort;2015;9539
Östergötlands län;400;utanför tätort;2016;9103
Östergötlands län;400;utanför tätort;2017;9709
Östergötlands län;400;utanför tätort;2018;11210
Östergötlands län;400;utanför tätort;2019;11342
Östergötlands län;400;utanför tätort;2020;10595
Östergötlands län;500;inom tätort;2014;339117
Östergötlands län;500;inom tätort;2015;342769
Östergötlands län;500;inom tätort;2016;347843
Östergötlands län;500;inom tätort;2017;351705
Östergötlands län;500;inom tätort;2018;360450
Östergötlands län;500;inom tätort;2019;362985
Östergötlands län;500;inom tätort;2020;361663
Östergötlands län;500;utanför tätort;2014;11002
Östergötlands län;500;utanför tätort;2015;11367
Östergötlands län;500;utanför tätort;2016;10923
Östergötlands län;500;utanför tätort;2017;11700
Östergötlands län;500;utanför tätort;2018;13222
Östergötlands län;500;utanför tätort;2019;13336
Östergötlands län;500;utanför tätort;2020;12428
Östergötlands län;1000;inom tätort;2014;367360
Östergötlands län;1000;inom tätort;2015;370699
Östergötlands län;1000;inom tätort;2016;375965
Östergötlands län;1000;inom tätort;2017;379582
Östergötlands län;1000;inom tätort;2018;387305
Östergötlands län;1000;inom tätort;2019;390018
Östergötlands län;1000;inom tätort;2020;390889
Östergötlands län;1000;utanför tätort;2014;18845
Östergötlands län;1000;utanför tätort;2015;19268
Östergötlands län;1000;utanför tätort;2016;18521
Östergötlands län;1000;utanför tätort;2017;19643
Östergötlands län;1000;utanför tätort;2018;21704
Östergötlands län;1000;utanför tätort;2019;21943
Östergötlands län;1000;utanför tätort;2020;21030
Östergötlands län;2000;inom tätort;2014;373702
Östergötlands län;2000;inom tätort;2015;377178
Östergötlands län;2000;inom tätort;2016;382690
Östergötlands län;2000;inom tätort;2017;386182
Östergötlands län;2000;inom tätort;2018;393487
Östergötlands län;2000;inom tätort;2019;396627
Östergötlands län;2000;inom tätort;2020;398076
Östergötlands län;2000;utanför tätort;2014;31090
Östergötlands län;2000;utanför tätort;2015;31573
Östergötlands län;2000;utanför tätort;2016;30468
Östergötlands län;2000;utanför tätort;2017;31835
Östergötlands län;2000;utanför tätort;2018;33761
Östergötlands län;2000;utanför tätort;2019;34064
Östergötlands län;2000;utanför tätort;2020;33177
Jönköpings län;400;inom tätort;2014;221117
Jönköpings län;400;inom tätort;2015;226958
Jönköpings län;400;inom tätort;2016;232361
Jönköpings län;400;inom tätort;2017;234942
Jönköpings län;400;inom tätort;2018;244458
Jönköpings län;400;inom tätort;2019;246021
Jönköpings län;400;inom tätort;2020;238236
Jönköpings län;400;utanför tätort;2014;5305
Jönköpings län;400;utanför tätort;2015;5218
Jönköpings län;400;utanför tätort;2016;5469
Jönköpings län;400;utanför tätort;2017;5840
Jönköpings län;400;utanför tätort;2018;6123
Jönköpings län;400;utanför tätort;2019;6400
Jönköpings län;400;utanför tätort;2020;5259
Jönköpings län;500;inom tätort;2014;239551
Jönköpings län;500;inom tätort;2015;245059
Jönköpings län;500;inom tätort;2016;251178
Jönköpings län;500;inom tätort;2017;254081
Jönköpings län;500;inom tätort;2018;262933
Jönköpings län;500;inom tätort;2019;264777
Jönköpings län;500;inom tätort;2020;258049
Jönköpings län;500;utanför tätort;2014;6610
Jönköpings län;500;utanför tätort;2015;6466
Jönköpings län;500;utanför tätort;2016;6773
Jönköpings län;500;utanför tätort;2017;7198
Jönköpings län;500;utanför tätort;2018;7588
Jönköpings län;500;utanför tätort;2019;7960
Jönköpings län;500;utanför tätort;2020;6601
Jönköpings län;1000;inom tätort;2014;275768
Jönköpings län;1000;inom tätort;2015;279978
Jönköpings län;1000;inom tätort;2016;284717
Jönköpings län;1000;inom tätort;2017;287819
Jönköpings län;1000;inom tätort;2018;294129
Jönköpings län;1000;inom tätort;2019;295967
Jönköpings län;1000;inom tätort;2020;294701
Jönköpings län;1000;utanför tätort;2014;12829
Jönköpings län;1000;utanför tätort;2015;12640
Jönköpings län;1000;utanför tätort;2016;13049
Jönköpings län;1000;utanför tätort;2017;13573
Jönköpings län;1000;utanför tätort;2018;14241
Jönköpings län;1000;utanför tätort;2019;14888
Jönköpings län;1000;utanför tätort;2020;12193
Jönköpings län;2000;inom tätort;2014;284846
Jönköpings län;2000;inom tätort;2015;287960
Jönköpings län;2000;inom tätort;2016;291733
Jönköpings län;2000;inom tätort;2017;294879
Jönköpings län;2000;inom tätort;2018;301124
Jönköpings län;2000;inom tätort;2019;303059
Jönköpings län;2000;inom tätort;2020;303440
Jönköpings län;2000;utanför tätort;2014;22894
Jönköpings län;2000;utanför tätort;2015;22798
Jönköpings län;2000;utanför tätort;2016;23451
Jönköpings län;2000;utanför tätort;2017;24301
Jönköpings län;2000;utanför tätort;2018;24855
Jönköpings län;2000;utanför tätort;2019;26028
Jönköpings län;2000;utanför tätort;2020;22116
Kronobergs län;400;inom tätort;2014;107982
Kronobergs län;400;inom tätort;2015;110514
Kronobergs län;400;inom tätort;2016;112729
Kronobergs län;400;inom tätort;2017;115003
Kronobergs län;400;inom tätort;2018;122325
Kronobergs län;400;inom tätort;2019;123852
Kronobergs län;400;inom tätort;2020;124076
Kronobergs län;400;utanför tätort;2014;4449
Kronobergs län;400;utanför tätort;2015;4397
Kronobergs län;400;utanför tätort;2016;4515
Kronobergs län;400;utanför tätort;2017;4943
Kronobergs län;400;utanför tätort;2018;5468
Kronobergs län;400;utanför tätort;2019;5522
Kronobergs län;400;utanför tätort;2020;5113
Kronobergs län;500;inom tätort;2014;118363
Kronobergs län;500;inom tätort;2015;121609
Kronobergs län;500;inom tätort;2016;123881
Kronobergs län;500;inom tätort;2017;125990
Kronobergs län;500;inom tätort;2018;134167
Kronobergs län;500;inom tätort;2019;135664
Kronobergs län;500;inom tätort;2020;136024
Kronobergs län;500;utanför tätort;2014;5316
Kronobergs län;500;utanför tätort;2015;5259
Kronobergs län;500;utanför tätort;2016;5430
Kronobergs län;500;utanför tätort;2017;6050
Kronobergs län;500;utanför tätort;2018;6581
Kronobergs län;500;utanför tätort;2019;6634
Kronobergs län;500;utanför tätort;2020;6201
Kronobergs län;1000;inom tätort;2014;142204
Kronobergs län;1000;inom tätort;2015;145430
Kronobergs län;1000;inom tätort;2016;147225
Kronobergs län;1000;inom tätort;2017;149229
Kronobergs län;1000;inom tätort;2018;155523
Kronobergs län;1000;inom tätort;2019;156829
Kronobergs län;1000;inom tätort;2020;157280
Kronobergs län;1000;utanför tätort;2014;8982
Kronobergs län;1000;utanför tätort;2015;8896
Kronobergs län;1000;utanför tätort;2016;9233
Kronobergs län;1000;utanför tätort;2017;9963
Kronobergs län;1000;utanför tätort;2018;10892
Kronobergs län;1000;utanför tätort;2019;11090
Kronobergs län;1000;utanför tätort;2020;10489
Kronobergs län;2000;inom tätort;2014;147075
Kronobergs län;2000;inom tätort;2015;148680
Kronobergs län;2000;inom tätort;2016;151081
Kronobergs län;2000;inom tätort;2017;153981
Kronobergs län;2000;inom tätort;2018;158006
Kronobergs län;2000;inom tätort;2019;159283
Kronobergs län;2000;inom tätort;2020;159687
Kronobergs län;2000;utanför tätort;2014;15480
Kronobergs län;2000;utanför tätort;2015;15265
Kronobergs län;2000;utanför tätort;2016;15714
Kronobergs län;2000;utanför tätort;2017;16607
Kronobergs län;2000;utanför tätort;2018;17679
Kronobergs län;2000;utanför tätort;2019;17746
Kronobergs län;2000;utanför tätort;2020;17336
Kalmar län;400;inom tätort;2014;132742
Kalmar län;400;inom tätort;2015;134032
Kalmar län;400;inom tätort;2016;136090
Kalmar län;400;inom tätort;2017;135986
Kalmar län;400;inom tätort;2018;143452
Kalmar län;400;inom tätort;2019;143701
Kalmar län;400;inom tätort;2020;139983
Kalmar län;400;utanför tätort;2014;5071
Kalmar län;400;utanför tätort;2015;5391
Kalmar län;400;utanför tätort;2016;5502
Kalmar län;400;utanför tätort;2017;4949
Kalmar län;400;utanför tätort;2018;6211
Kalmar län;400;utanför tätort;2019;6924
Kalmar län;400;utanför tätort;2020;6386
Kalmar län;500;inom tätort;2014;148568
Kalmar län;500;inom tätort;2015;149915
Kalmar län;500;inom tätort;2016;152539
Kalmar län;500;inom tätort;2017;152831
Kalmar län;500;inom tätort;2018;158132
Kalmar län;500;inom tätort;2019;159929
Kalmar län;500;inom tätort;2020;156705
Kalmar län;500;utanför tätort;2014;5998
Kalmar län;500;utanför tätort;2015;6351
Kalmar län;500;utanför tätort;2016;6501
Kalmar län;500;utanför tätort;2017;5903
Kalmar län;500;utanför tätort;2018;7228
Kalmar län;500;utanför tätort;2019;7996
Kalmar län;500;utanför tätort;2020;7414
Kalmar län;1000;inom tätort;2014;174416
Kalmar län;1000;inom tätort;2015;176885
Kalmar län;1000;inom tätort;2016;179903
Kalmar län;1000;inom tätort;2017;180239
Kalmar län;1000;inom tätort;2018;183434
Kalmar län;1000;inom tätort;2019;185788
Kalmar län;1000;inom tätort;2020;185258
Kalmar län;1000;utanför tätort;2014;10174
Kalmar län;1000;utanför tätort;2015;10507
Kalmar län;1000;utanför tätort;2016;11074
Kalmar län;1000;utanför tätort;2017;10210
Kalmar län;1000;utanför tätort;2018;11800
Kalmar län;1000;utanför tätort;2019;12877
Kalmar län;1000;utanför tätort;2020;11903
Kalmar län;2000;inom tätort;2014;180779
Kalmar län;2000;inom tätort;2015;183977
Kalmar län;2000;inom tätort;2016;187287
Kalmar län;2000;inom tätort;2017;187849
Kalmar län;2000;inom tätort;2018;191043
Kalmar län;2000;inom tätort;2019;192657
Kalmar län;2000;inom tätort;2020;192456
Kalmar län;2000;utanför tätort;2014;18165
Kalmar län;2000;utanför tätort;2015;18770
Kalmar län;2000;utanför tätort;2016;19415
Kalmar län;2000;utanför tätort;2017;17890
Kalmar län;2000;utanför tätort;2018;20200
Kalmar län;2000;utanför tätort;2019;21470
Kalmar län;2000;utanför tätort;2020;20402
Gotlands län;400;inom tätort;2014;26294
Gotlands län;400;inom tätort;2015;26558
Gotlands län;400;inom tätort;2016;27913
Gotlands län;400;inom tätort;2017;28014
Gotlands län;400;inom tätort;2018;30005
Gotlands län;400;inom tätort;2019;30455
Gotlands län;400;inom tätort;2020;31671
Gotlands län;400;utanför tätort;2014;1588
Gotlands län;400;utanför tätort;2015;2010
Gotlands län;400;utanför tätort;2016;2272
Gotlands län;400;utanför tätort;2017;2306
Gotlands län;400;utanför tätort;2018;3289
Gotlands län;400;utanför tätort;2019;3331
Gotlands län;400;utanför tätort;2020;3408
Gotlands län;500;inom tätort;2014;29244
Gotlands län;500;inom tätort;2015;29584
Gotlands län;500;inom tätort;2016;30942
Gotlands län;500;inom tätort;2017;31213
Gotlands län;500;inom tätort;2018;32735
Gotlands län;500;inom tätort;2019;33134
Gotlands län;500;inom tätort;2020;34259
Gotlands län;500;utanför tätort;2014;1969
Gotlands län;500;utanför tätort;2015;2496
Gotlands län;500;utanför tätort;2016;2784
Gotlands län;500;utanför tätort;2017;2805
Gotlands län;500;utanför tätort;2018;3978
Gotlands län;500;utanför tätort;2019;4058
Gotlands län;500;utanför tätort;2020;4121
Gotlands län;1000;inom tätort;2014;33832
Gotlands län;1000;inom tätort;2015;33772
Gotlands län;1000;inom tätort;2016;34740
Gotlands län;1000;inom tätort;2017;35061
Gotlands län;1000;inom tätort;2018;35996
Gotlands län;1000;inom tätort;2019;36388
Gotlands län;1000;inom tätort;2020;37265
Gotlands län;1000;utanför tätort;2014;3489
Gotlands län;1000;utanför tätort;2015;4350
Gotlands län;1000;utanför tätort;2016;4887
Gotlands län;1000;utanför tätort;2017;4978
Gotlands län;1000;utanför tätort;2018;6753
Gotlands län;1000;utanför tätort;2019;6853
Gotlands län;1000;utanför tätort;2020;6975
Gotlands län;2000;inom tätort;2014;34814
Gotlands län;2000;inom tätort;2015;34766
Gotlands län;2000;inom tätort;2016;35685
Gotlands län;2000;inom tätort;2017;36028
Gotlands län;2000;inom tätort;2018;37097
Gotlands län;2000;inom tätort;2019;37512
Gotlands län;2000;inom tätort;2020;38079
Gotlands län;2000;utanför tätort;2014;5889
Gotlands län;2000;utanför tätort;2015;7272
Gotlands län;2000;utanför tätort;2016;7967
Gotlands län;2000;utanför tätort;2017;8127
Gotlands län;2000;utanför tätort;2018;10239
Gotlands län;2000;utanför tätort;2019;10376
Gotlands län;2000;utanför tätort;2020;10423
Blekinge län;400;inom tätort;2014;97119
Blekinge län;400;inom tätort;2015;98488
Blekinge län;400;inom tätort;2016;99675
Blekinge län;400;inom tätort;2017;101659
Blekinge län;400;inom tätort;2018;102788
Blekinge län;400;inom tätort;2019;102419
Blekinge län;400;inom tätort;2020;101234
Blekinge län;400;utanför tätort;2014;2529
Blekinge län;400;utanför tätort;2015;2609
Blekinge län;400;utanför tätort;2016;2650
Blekinge län;400;utanför tätort;2017;2690
Blekinge län;400;utanför tätort;2018;2841
Blekinge län;400;utanför tätort;2019;2475
Blekinge län;400;utanför tätort;2020;2624
Blekinge län;500;inom tätort;2014;105131
Blekinge län;500;inom tätort;2015;107179
Blekinge län;500;inom tätort;2016;108366
Blekinge län;500;inom tätort;2017;110455
Blekinge län;500;inom tätort;2018;111805
Blekinge län;500;inom tätort;2019;111234
Blekinge län;500;inom tätort;2020;110320
Blekinge län;500;utanför tätort;2014;3161
Blekinge län;500;utanför tätort;2015;3229
Blekinge län;500;utanför tätort;2016;3360
Blekinge län;500;utanför tätort;2017;3437
Blekinge län;500;utanför tätort;2018;3527
Blekinge län;500;utanför tätort;2019;3093
Blekinge län;500;utanför tätort;2020;3313
Blekinge län;1000;inom tätort;2014;118276
Blekinge län;1000;inom tätort;2015;120960
Blekinge län;1000;inom tätort;2016;121778
Blekinge län;1000;inom tätort;2017;123822
Blekinge län;1000;inom tätort;2018;124601
Blekinge län;1000;inom tätort;2019;124096
Blekinge län;1000;inom tätort;2020;123793
Blekinge län;1000;utanför tätort;2014;5809
Blekinge län;1000;utanför tätort;2015;5949
Blekinge län;1000;utanför tätort;2016;6237
Blekinge län;1000;utanför tätort;2017;6536
Blekinge län;1000;utanför tätort;2018;6615
Blekinge län;1000;utanför tätort;2019;6013
Blekinge län;1000;utanför tätort;2020;6306
Blekinge län;2000;inom tätort;2014;122254
Blekinge län;2000;inom tätort;2015;125537
Blekinge län;2000;inom tätort;2016;126366
Blekinge län;2000;inom tätort;2017;128038
Blekinge län;2000;inom tätort;2018;129253
Blekinge län;2000;inom tätort;2019;128872
Blekinge län;2000;inom tätort;2020;128684
Blekinge län;2000;utanför tätort;2014;11626
Blekinge län;2000;utanför tätort;2015;12012
Blekinge län;2000;utanför tätort;2016;12444
Blekinge län;2000;utanför tätort;2017;13207
Blekinge län;2000;utanför tätort;2018;12569
Blekinge län;2000;utanför tätort;2019;11896
Blekinge län;2000;utanför tätort;2020;12163
Skåne län;400;inom tätort;2014;936047
Skåne län;400;inom tätort;2015;957220
Skåne län;400;inom tätort;2016;967374
Skåne län;400;inom tätort;2017;980652
Skåne län;400;inom tätort;2018;1002924
Skåne län;400;inom tätort;2019;1013557
Skåne län;400;inom tätort;2020;1023728
Skåne län;400;utanför tätort;2014;14042
Skåne län;400;utanför tätort;2015;15685
Skåne län;400;utanför tätort;2016;15965
Skåne län;400;utanför tätort;2017;17352
Skåne län;400;utanför tätort;2018;15950
Skåne län;400;utanför tätort;2019;16921
Skåne län;400;utanför tätort;2020;15953
Skåne län;500;inom tätort;2014;1002268
Skåne län;500;inom tätort;2015;1024407
Skåne län;500;inom tätort;2016;1037838
Skåne län;500;inom tätort;2017;1053034
Skåne län;500;inom tätort;2018;1076319
Skåne län;500;inom tätort;2019;1088087
Skåne län;500;inom tätort;2020;1099860
Skåne län;500;utanför tätort;2014;17208
Skåne län;500;utanför tätort;2015;19370
Skåne län;500;utanför tätort;2016;19712
Skåne län;500;utanför tätort;2017;21352
Skåne län;500;utanför tätort;2018;19618
Skåne län;500;utanför tätort;2019;20878
Skåne län;500;utanför tätort;2020;19733
Skåne län;1000;inom tätort;2014;1113975
Skåne län;1000;inom tätort;2015;1134826
Skåne län;1000;inom tätort;2016;1151411
Skåne län;1000;inom tätort;2017;1168368
Skåne län;1000;inom tätort;2018;1193471
Skåne län;1000;inom tätort;2019;1206298
Skåne län;1000;inom tätort;2020;1219172
Skåne län;1000;utanför tätort;2014;33831
Skåne län;1000;utanför tätort;2015;37919
Skåne län;1000;utanför tätort;2016;38386
Skåne län;1000;utanför tätort;2017;40714
Skåne län;1000;utanför tätort;2018;38298
Skåne län;1000;utanför tätort;2019;40184
Skåne län;1000;utanför tätort;2020;38447
Skåne län;2000;inom tätort;2014;1146236
Skåne län;2000;inom tätort;2015;1165083
Skåne län;2000;inom tätort;2016;1182763
Skåne län;2000;inom tätort;2017;1199690
Skåne län;2000;inom tätort;2018;1225014
Skåne län;2000;inom tätort;2019;1238426
Skåne län;2000;inom tätort;2020;1251344
Skåne län;2000;utanför tätort;2014;66062
Skåne län;2000;utanför tätort;2015;72252
Skåne län;2000;utanför tätort;2016;72593
Skåne län;2000;utanför tätort;2017;74933
Skåne län;2000;utanför tätort;2018;72887
Skåne län;2000;utanför tätort;2019;74934
Skåne län;2000;utanför tätort;2020;73124
Hallands län;400;inom tätort;2014;211986
Hallands län;400;inom tätort;2015;214043
Hallands län;400;inom tätort;2016;214440
Hallands län;400;inom tätort;2017;216720
Hallands län;400;inom tätort;2018;223879
Hallands län;400;inom tätort;2019;225917
Hallands län;400;inom tätort;2020;230663
Hallands län;400;utanför tätort;2014;7315
Hallands län;400;utanför tätort;2015;7373
Hallands län;400;utanför tätort;2016;7779
Hallands län;400;utanför tätort;2017;8412
Hallands län;400;utanför tätort;2018;9278
Hallands län;400;utanför tätort;2019;8689
Hallands län;400;utanför tätort;2020;8436
Hallands län;500;inom tätort;2014;226723
Hallands län;500;inom tätort;2015;229282
Hallands län;500;inom tätort;2016;230758
Hallands län;500;inom tätort;2017;233321
Hallands län;500;inom tätort;2018;239872
Hallands län;500;inom tätort;2019;243022
Hallands län;500;inom tätort;2020;247753
Hallands län;500;utanför tätort;2014;9043
Hallands län;500;utanför tätort;2015;9153
Hallands län;500;utanför tätort;2016;9595
Hallands län;500;utanför tätort;2017;10453
Hallands län;500;utanför tätort;2018;11327
Hallands län;500;utanför tätort;2019;10674
Hallands län;500;utanför tätort;2020;10389
Hallands län;1000;inom tätort;2014;248318
Hallands län;1000;inom tätort;2015;251257
Hallands län;1000;inom tätort;2016;255634
Hallands län;1000;inom tätort;2017;258567
Hallands län;1000;inom tätort;2018;266289
Hallands län;1000;inom tätort;2019;269733
Hallands län;1000;inom tätort;2020;274608
Hallands län;1000;utanför tätort;2014;17244
Hallands län;1000;utanför tätort;2015;17611
Hallands län;1000;utanför tätort;2016;18073
Hallands län;1000;utanför tätort;2017;19136
Hallands län;1000;utanför tätort;2018;20068
Hallands län;1000;utanför tätort;2019;19460
Hallands län;1000;utanför tätort;2020;19082
Hallands län;2000;inom tätort;2014;257176
Hallands län;2000;inom tätort;2015;260223
Hallands län;2000;inom tätort;2016;265149
Hallands län;2000;inom tätort;2017;268202
Hallands län;2000;inom tätort;2018;275763
Hallands län;2000;inom tätort;2019;279349
Hallands län;2000;inom tätort;2020;282857
Hallands län;2000;utanför tätort;2014;28888
Hallands län;2000;utanför tätort;2015;29357
Hallands län;2000;utanför tätort;2016;29753
Hallands län;2000;utanför tätort;2017;30807
Hallands län;2000;utanför tätort;2018;31389
Hallands län;2000;utanför tätort;2019;31183
Hallands län;2000;utanför tätort;2020;30754
Västra Götalands län;400;inom tätort;2014;1181291
Västra Götalands län;400;inom tätort;2015;1195669
Västra Götalands län;400;inom tätort;2016;1214348
Västra Götalands län;400;inom tätort;2017;1227309
Västra Götalands län;400;inom tätort;2018;1259573
Västra Götalands län;400;inom tätort;2019;1280159
Västra Götalands län;400;inom tätort;2020;1283245
Västra Götalands län;400;utanför tätort;2014;38576
Västra Götalands län;400;utanför tätort;2015;38812
Västra Götalands län;400;utanför tätort;2016;40396
Västra Götalands län;400;utanför tätort;2017;42392
Västra Götalands län;400;utanför tätort;2018;43433
Västra Götalands län;400;utanför tätort;2019;44582
Västra Götalands län;400;utanför tätort;2020;43088
Västra Götalands län;500;inom tätort;2014;1267409
Västra Götalands län;500;inom tätort;2015;1283354
Västra Götalands län;500;inom tätort;2016;1302546
Västra Götalands län;500;inom tätort;2017;1316835
Västra Götalands län;500;inom tätort;2018;1347888
Västra Götalands län;500;inom tätort;2019;1366576
Västra Götalands län;500;inom tätort;2020;1371276
Västra Götalands län;500;utanför tätort;2014;47599
Västra Götalands län;500;utanför tätort;2015;47830
Västra Götalands län;500;utanför tätort;2016;49860
Västra Götalands län;500;utanför tätort;2017;52301
Västra Götalands län;500;utanför tätort;2018;53418
Västra Götalands län;500;utanför tätort;2019;54596
Västra Götalands län;500;utanför tätort;2020;52856
Västra Götalands län;1000;inom tätort;2014;1372030
Västra Götalands län;1000;inom tätort;2015;1387333
Västra Götalands län;1000;inom tätort;2016;1407226
Västra Götalands län;1000;inom tätort;2017;1422802
Västra Götalands län;1000;inom tätort;2018;1453188
Västra Götalands län;1000;inom tätort;2019;1468706
Västra Götalands län;1000;inom tätort;2020;1476900
Västra Götalands län;1000;utanför tätort;2014;84373
Västra Götalands län;1000;utanför tätort;2015;84652
Västra Götalands län;1000;utanför tätort;2016;87715
Västra Götalands län;1000;utanför tätort;2017;90994
Västra Götalands län;1000;utanför tätort;2018;92839
Västra Götalands län;1000;utanför tätort;2019;94785
Västra Götalands län;1000;utanför tätort;2020;92007
Västra Götalands län;2000;inom tätort;2014;1390872
Västra Götalands län;2000;inom tätort;2015;1406119
Västra Götalands län;2000;inom tätort;2016;1425646
Västra Götalands län;2000;inom tätort;2017;1441306
Västra Götalands län;2000;inom tätort;2018;1471245
Västra Götalands län;2000;inom tätort;2019;1485879
Västra Götalands län;2000;inom tätort;2020;1495794
Västra Götalands län;2000;utanför tätort;2014;133588
Västra Götalands län;2000;utanför tätort;2015;133734
Västra Götalands län;2000;utanför tätort;2016;137670
Västra Götalands län;2000;utanför tätort;2017;140880
Västra Götalands län;2000;utanför tätort;2018;143052
Västra Götalands län;2000;utanför tätort;2019;144979
Västra Götalands län;2000;utanför tätort;2020;141918
Värmlands län;400;inom tätort;2014;150396
Värmlands län;400;inom tätort;2015;151808
Värmlands län;400;inom tätort;2016;146074
Värmlands län;400;inom tätort;2017;145099
Värmlands län;400;inom tätort;2018;148223
Värmlands län;400;inom tätort;2019;161310
Värmlands län;400;inom tätort;2020;162350
Värmlands län;400;utanför tätort;2014;6859
Värmlands län;400;utanför tätort;2015;7013
Värmlands län;400;utanför tätort;2016;6951
Värmlands län;400;utanför tätort;2017;7214
Värmlands län;400;utanför tätort;2018;8691
Värmlands län;400;utanför tätort;2019;9136
Värmlands län;400;utanför tätort;2020;8867
Värmlands län;500;inom tätort;2014;164832
Värmlands län;500;inom tätort;2015;166372
Värmlands län;500;inom tätort;2016;161533
Värmlands län;500;inom tätort;2017;160143
Värmlands län;500;inom tätort;2018;163638
Värmlands län;500;inom tätort;2019;176959
Värmlands län;500;inom tätort;2020;178297
Värmlands län;500;utanför tätort;2014;8456
Värmlands län;500;utanför tätort;2015;8659
Värmlands län;500;utanför tätort;2016;8574
Värmlands län;500;utanför tätort;2017;8888
Värmlands län;500;utanför tätort;2018;10682
Värmlands län;500;utanför tätort;2019;11164
Värmlands län;500;utanför tätort;2020;10902
Värmlands län;1000;inom tätort;2014;193801
Värmlands län;1000;inom tätort;2015;195939
Värmlands län;1000;inom tätort;2016;195745
Värmlands län;1000;inom tätort;2017;194325
Värmlands län;1000;inom tätort;2018;197463
Värmlands län;1000;inom tätort;2019;203807
Värmlands län;1000;inom tätort;2020;205633
Värmlands län;1000;utanför tätort;2014;14528
Värmlands län;1000;utanför tätort;2015;14965
Värmlands län;1000;utanför tätort;2016;14635
Värmlands län;1000;utanför tätort;2017;15252
Värmlands län;1000;utanför tätort;2018;18349
Värmlands län;1000;utanför tätort;2019;19073
Värmlands län;1000;utanför tätort;2020;18767
Värmlands län;2000;inom tätort;2014;204437
Värmlands län;2000;inom tätort;2015;206582
Värmlands län;2000;inom tätort;2016;208889
Värmlands län;2000;inom tätort;2017;209331
Värmlands län;2000;inom tätort;2018;211336
Värmlands län;2000;inom tätort;2019;212551
Värmlands län;2000;inom tätort;2020;213269
Värmlands län;2000;utanför tätort;2014;24018
Värmlands län;2000;utanför tätort;2015;24443
Värmlands län;2000;utanför tätort;2016;23798
Värmlands län;2000;utanför tätort;2017;24766
Värmlands län;2000;utanför tätort;2018;28948
Värmlands län;2000;utanför tätort;2019;29549
Värmlands län;2000;utanför tätort;2020;29444
Örebro län;400;inom tätort;2014;196178
Örebro län;400;inom tätort;2015;197823
Örebro län;400;inom tätort;2016;200721
Örebro län;400;inom tätort;2017;202286
Örebro län;400;inom tätort;2018;204073
Örebro län;400;inom tätort;2019;207167
Örebro län;400;inom tätort;2020;206695
Örebro län;400;utanför tätort;2014;6145
Örebro län;400;utanför tätort;2015;6756
Örebro län;400;utanför tätort;2016;7284
Örebro län;400;utanför tätort;2017;8464
Örebro län;400;utanför tätort;2018;6953
Örebro län;400;utanför tätort;2019;6960
Örebro län;400;utanför tätort;2020;6456
Örebro län;500;inom tätort;2014;210618
Örebro län;500;inom tätort;2015;213143
Örebro län;500;inom tätort;2016;217090
Örebro län;500;inom tätort;2017;219274
Örebro län;500;inom tätort;2018;222504
Örebro län;500;inom tätort;2019;225064
Örebro län;500;inom tätort;2020;224919
Örebro län;500;utanför tätort;2014;7463
Örebro län;500;utanför tätort;2015;8139
Örebro län;500;utanför tätort;2016;8935
Örebro län;500;utanför tätort;2017;10588
Örebro län;500;utanför tätort;2018;8277
Örebro län;500;utanför tätort;2019;8488
Örebro län;500;utanför tätort;2020;7924
Örebro län;1000;inom tätort;2014;230593
Örebro län;1000;inom tätort;2015;233185
Örebro län;1000;inom tätort;2016;239065
Örebro län;1000;inom tätort;2017;241083
Örebro län;1000;inom tätort;2018;245157
Örebro län;1000;inom tätort;2019;247160
Örebro län;1000;inom tätort;2020;248406
Örebro län;1000;utanför tätort;2014;13347
Örebro län;1000;utanför tätort;2015;14242
Örebro län;1000;utanför tätort;2016;15417
Örebro län;1000;utanför tätort;2017;17376
Örebro län;1000;utanför tätort;2018;14562
Örebro län;1000;utanför tätort;2019;14862
Örebro län;1000;utanför tätort;2020;14179
Örebro län;2000;inom tätort;2014;236970
Örebro län;2000;inom tätort;2015;239712
Örebro län;2000;inom tätort;2016;243660
Örebro län;2000;inom tätort;2017;245645
Örebro län;2000;inom tätort;2018;250745
Örebro län;2000;inom tätort;2019;252679
Örebro län;2000;inom tätort;2020;254052
Örebro län;2000;utanför tätort;2014;22338
Örebro län;2000;utanför tätort;2015;23306
Örebro län;2000;utanför tätort;2016;25438
Örebro län;2000;utanför tätort;2017;27230
Örebro län;2000;utanför tätort;2018;24347
Örebro län;2000;utanför tätort;2019;24801
Örebro län;2000;utanför tätort;2020;23811
Västmanlands län;400;inom tätort;2014;165370
Västmanlands län;400;inom tätort;2015;172630
Västmanlands län;400;inom tätort;2016;168178
Västmanlands län;400;inom tätort;2017;171685
Västmanlands län;400;inom tätort;2018;178933
Västmanlands län;400;inom tätort;2019;180964
Västmanlands län;400;inom tätort;2020;171746
Västmanlands län;400;utanför tätort;2014;4176
Västmanlands län;400;utanför tätort;2015;4364
Västmanlands län;400;utanför tätort;2016;4200
Västmanlands län;400;utanför tätort;2017;4333
Västmanlands län;400;utanför tätort;2018;5464
Västmanlands län;400;utanför tätort;2019;5369
Västmanlands län;400;utanför tätort;2020;4805
Västmanlands län;500;inom tätort;2014;184525
Västmanlands län;500;inom tätort;2015;189748
Västmanlands län;500;inom tätort;2016;185476
Västmanlands län;500;inom tätort;2017;189337
Västmanlands län;500;inom tätort;2018;194908
Västmanlands län;500;inom tätort;2019;197743
Västmanlands län;500;inom tätort;2020;193108
Västmanlands län;500;utanför tätort;2014;4959
Västmanlands län;500;utanför tätort;2015;5171
Västmanlands län;500;utanför tätort;2016;5043
Västmanlands län;500;utanför tätort;2017;5193
Västmanlands län;500;utanför tätort;2018;6553
Västmanlands län;500;utanför tätort;2019;6462
Västmanlands län;500;utanför tätort;2020;5822
Västmanlands län;1000;inom tätort;2014;217946
Västmanlands län;1000;inom tätort;2015;220392
Västmanlands län;1000;inom tätort;2016;218022
Västmanlands län;1000;inom tätort;2017;222295
Västmanlands län;1000;inom tätort;2018;226359
Västmanlands län;1000;inom tätort;2019;229271
Västmanlands län;1000;inom tätort;2020;230105
Västmanlands län;1000;utanför tätort;2014;8125
Västmanlands län;1000;utanför tätort;2015;8396
Västmanlands län;1000;utanför tätort;2016;8226
Västmanlands län;1000;utanför tätort;2017;8415
Västmanlands län;1000;utanför tätort;2018;10686
Västmanlands län;1000;utanför tätort;2019;10667
Västmanlands län;1000;utanför tätort;2020;9349
Västmanlands län;2000;inom tätort;2014;228041
Västmanlands län;2000;inom tätort;2015;230298
Västmanlands län;2000;inom tätort;2016;232019
Västmanlands län;2000;inom tätort;2017;235782
Västmanlands län;2000;inom tätort;2018;239362
Västmanlands län;2000;inom tätort;2019;240916
Västmanlands län;2000;inom tätort;2020;242740
Västmanlands län;2000;utanför tätort;2014;13339
Västmanlands län;2000;utanför tätort;2015;13740
Västmanlands län;2000;utanför tätort;2016;13720
Västmanlands län;2000;utanför tätort;2017;13865
Västmanlands län;2000;utanför tätort;2018;16805
Västmanlands län;2000;utanför tätort;2019;16847
Västmanlands län;2000;utanför tätort;2020;15308
Dalarnas län;400;inom tätort;2014;170935
Dalarnas län;400;inom tätort;2015;179451
Dalarnas län;400;inom tätort;2016;181124
Dalarnas län;400;inom tätort;2017;182422
Dalarnas län;400;inom tätort;2018;191903
Dalarnas län;400;inom tätort;2019;197211
Dalarnas län;400;inom tätort;2020;191334
Dalarnas län;400;utanför tätort;2014;6313
Dalarnas län;400;utanför tätort;2015;7856
Dalarnas län;400;utanför tätort;2016;8043
Dalarnas län;400;utanför tätort;2017;8325
Dalarnas län;400;utanför tätort;2018;13047
Dalarnas län;400;utanför tätort;2019;13157
Dalarnas län;400;utanför tätort;2020;13044
Dalarnas län;500;inom tätort;2014;183916
Dalarnas län;500;inom tätort;2015;192815
Dalarnas län;500;inom tätort;2016;195345
Dalarnas län;500;inom tätort;2017;196769
Dalarnas län;500;inom tätort;2018;206392
Dalarnas län;500;inom tätort;2019;209687
Dalarnas län;500;inom tätort;2020;204338
Dalarnas län;500;utanför tätort;2014;7619
Dalarnas län;500;utanför tätort;2015;9587
Dalarnas län;500;utanför tätort;2016;9792
Dalarnas län;500;utanför tätort;2017;10160
Dalarnas län;500;utanför tätort;2018;15167
Dalarnas län;500;utanför tätort;2019;15430
Dalarnas län;500;utanför tätort;2020;15319
Dalarnas län;1000;inom tätort;2014;210706
Dalarnas län;1000;inom tätort;2015;217326
Dalarnas län;1000;inom tätort;2016;220159
Dalarnas län;1000;inom tätort;2017;221638
Dalarnas län;1000;inom tätort;2018;228897
Dalarnas län;1000;inom tätort;2019;230829
Dalarnas län;1000;inom tätort;2020;226659
Dalarnas län;1000;utanför tätort;2014;13298
Dalarnas län;1000;utanför tätort;2015;16114
Dalarnas län;1000;utanför tätort;2016;16544
Dalarnas län;1000;utanför tätort;2017;17155
Dalarnas län;1000;utanför tätort;2018;23079
Dalarnas län;1000;utanför tätort;2019;23883
Dalarnas län;1000;utanför tätort;2020;23291
Dalarnas län;2000;inom tätort;2014;221507
Dalarnas län;2000;inom tätort;2015;226733
Dalarnas län;2000;inom tätort;2016;229292
Dalarnas län;2000;inom tätort;2017;231006
Dalarnas län;2000;inom tätort;2018;235332
Dalarnas län;2000;inom tätort;2019;237227
Dalarnas län;2000;inom tätort;2020;234899
Dalarnas län;2000;utanför tätort;2014;22857
Dalarnas län;2000;utanför tätort;2015;26168
Dalarnas län;2000;utanför tätort;2016;26603
Dalarnas län;2000;utanför tätort;2017;27423
Dalarnas län;2000;utanför tätort;2018;32480
Dalarnas län;2000;utanför tätort;2019;33760
Dalarnas län;2000;utanför tätort;2020;32954
Gävleborgs län;400;inom tätort;2014;191432
Gävleborgs län;400;inom tätort;2015;193423
Gävleborgs län;400;inom tätort;2016;197144
Gävleborgs län;400;inom tätort;2017;198309
Gävleborgs län;400;inom tätort;2018;200832
Gävleborgs län;400;inom tätort;2019;202058
Gävleborgs län;400;inom tätort;2020;201840
Gävleborgs län;400;utanför tätort;2014;10766
Gävleborgs län;400;utanför tätort;2015;11019
Gävleborgs län;400;utanför tätort;2016;10879
Gävleborgs län;400;utanför tätort;2017;10698
Gävleborgs län;400;utanför tätort;2018;11972
Gävleborgs län;400;utanför tätort;2019;11844
Gävleborgs län;400;utanför tätort;2020;11576
Gävleborgs län;500;inom tätort;2014;202020
Gävleborgs län;500;inom tätort;2015;203912
Gävleborgs län;500;inom tätort;2016;207226
Gävleborgs län;500;inom tätort;2017;208459
Gävleborgs län;500;inom tätort;2018;211029
Gävleborgs län;500;inom tätort;2019;212018
Gävleborgs län;500;inom tätort;2020;211945
Gävleborgs län;500;utanför tätort;2014;12830
Gävleborgs län;500;utanför tätort;2015;13086
Gävleborgs län;500;utanför tätort;2016;12927
Gävleborgs län;500;utanför tätort;2017;12753
Gävleborgs län;500;utanför tätort;2018;14261
Gävleborgs län;500;utanför tätort;2019;14159
Gävleborgs län;500;utanför tätort;2020;13904
Gävleborgs län;1000;inom tätort;2014;216740
Gävleborgs län;1000;inom tätort;2015;218933
Gävleborgs län;1000;inom tätort;2016;220857
Gävleborgs län;1000;inom tätort;2017;221991
Gävleborgs län;1000;inom tätort;2018;224954
Gävleborgs län;1000;inom tätort;2019;225643
Gävleborgs län;1000;inom tätort;2020;225822
Gävleborgs län;1000;utanför tätort;2014;20212
Gävleborgs län;1000;utanför tätort;2015;20656
Gävleborgs län;1000;utanför tätort;2016;20389
Gävleborgs län;1000;utanför tätort;2017;20250
Gävleborgs län;1000;utanför tätort;2018;22376
Gävleborgs län;1000;utanför tätort;2019;22179
Gävleborgs län;1000;utanför tätort;2020;21942
Gävleborgs län;2000;inom tätort;2014;222227
Gävleborgs län;2000;inom tätort;2015;224204
Gävleborgs län;2000;inom tätort;2016;225742
Gävleborgs län;2000;inom tätort;2017;226864
Gävleborgs län;2000;inom tätort;2018;229317
Gävleborgs län;2000;inom tätort;2019;230098
Gävleborgs län;2000;inom tätort;2020;230122
Gävleborgs län;2000;utanför tätort;2014;30988
Gävleborgs län;2000;utanför tätort;2015;31415
Gävleborgs län;2000;utanför tätort;2016;31109
Gävleborgs län;2000;utanför tätort;2017;30950
Gävleborgs län;2000;utanför tätort;2018;33165
Gävleborgs län;2000;utanför tätort;2019;32836
Gävleborgs län;2000;utanför tätort;2020;32759
Västernorrlands län;400;inom tätort;2014;146804
Västernorrlands län;400;inom tätort;2015;147029
Västernorrlands län;400;inom tätort;2016;151228
Västernorrlands län;400;inom tätort;2017;157311
Västernorrlands län;400;inom tätort;2018;161525
Västernorrlands län;400;inom tätort;2019;163195
Västernorrlands län;400;inom tätort;2020;162462
Västernorrlands län;400;utanför tätort;2014;4745
Västernorrlands län;400;utanför tätort;2015;4600
Västernorrlands län;400;utanför tätort;2016;5252
Västernorrlands län;400;utanför tätort;2017;5474
Västernorrlands län;400;utanför tätort;2018;7253
Västernorrlands län;400;utanför tätort;2019;7911
Västernorrlands län;400;utanför tätort;2020;8105
Västernorrlands län;500;inom tätort;2014;157302
Västernorrlands län;500;inom tätort;2015;157850
Västernorrlands län;500;inom tätort;2016;161922
Västernorrlands län;500;inom tätort;2017;168073
Västernorrlands län;500;inom tätort;2018;172421
Västernorrlands län;500;inom tätort;2019;173847
Västernorrlands län;500;inom tätort;2020;173017
Västernorrlands län;500;utanför tätort;2014;5868
Västernorrlands län;500;utanför tätort;2015;5709
Västernorrlands län;500;utanför tätort;2016;6548
Västernorrlands län;500;utanför tätort;2017;6765
Västernorrlands län;500;utanför tätort;2018;8840
Västernorrlands län;500;utanför tätort;2019;9594
Västernorrlands län;500;utanför tätort;2020;9851
Västernorrlands län;1000;inom tätort;2014;176858
Västernorrlands län;1000;inom tätort;2015;177203
Västernorrlands län;1000;inom tätort;2016;181018
Västernorrlands län;1000;inom tätort;2017;184907
Västernorrlands län;1000;inom tätort;2018;189030
Västernorrlands län;1000;inom tätort;2019;189945
Västernorrlands län;1000;inom tätort;2020;188541
Västernorrlands län;1000;utanför tätort;2014;10824
Västernorrlands län;1000;utanför tätort;2015;10337
Västernorrlands län;1000;utanför tätort;2016;11749
Västernorrlands län;1000;utanför tätort;2017;12187
Västernorrlands län;1000;utanför tätort;2018;15598
Västernorrlands län;1000;utanför tätort;2019;16607
Västernorrlands län;1000;utanför tätort;2020;16912
Västernorrlands län;2000;inom tätort;2014;184826
Västernorrlands län;2000;inom tätort;2015;186267
Västernorrlands län;2000;inom tätort;2016;187585
Västernorrlands län;2000;inom tätort;2017;189542
Västernorrlands län;2000;inom tätort;2018;193004
Västernorrlands län;2000;inom tätort;2019;193498
Västernorrlands län;2000;inom tätort;2020;192084
Västernorrlands län;2000;utanför tätort;2014;19180
Västernorrlands län;2000;utanför tätort;2015;18432
Västernorrlands län;2000;utanför tätort;2016;19981
Västernorrlands län;2000;utanför tätort;2017;20578
Västernorrlands län;2000;utanför tätort;2018;25561
Västernorrlands län;2000;utanför tätort;2019;26850
Västernorrlands län;2000;utanför tätort;2020;27018
Jämtlands län;400;inom tätort;2014;69850
Jämtlands län;400;inom tätort;2015;70730
Jämtlands län;400;inom tätort;2016;72072
Jämtlands län;400;inom tätort;2017;73390
Jämtlands län;400;inom tätort;2018;78551
Jämtlands län;400;inom tätort;2019;78495
Jämtlands län;400;inom tätort;2020;78638
Jämtlands län;400;utanför tätort;2014;3784
Jämtlands län;400;utanför tätort;2015;3945
Jämtlands län;400;utanför tätort;2016;4077
Jämtlands län;400;utanför tätort;2017;4583
Jämtlands län;400;utanför tätort;2018;6136
Jämtlands län;400;utanför tätort;2019;6282
Jämtlands län;400;utanför tätort;2020;6225
Jämtlands län;500;inom tätort;2014;73601
Jämtlands län;500;inom tätort;2015;74672
Jämtlands län;500;inom tätort;2016;75957
Jämtlands län;500;inom tätort;2017;77361
Jämtlands län;500;inom tätort;2018;82914
Jämtlands län;500;inom tätort;2019;83007
Jämtlands län;500;inom tätort;2020;83245
Jämtlands län;500;utanför tätort;2014;4562
Jämtlands län;500;utanför tätort;2015;4758
Jämtlands län;500;utanför tätort;2016;4948
Jämtlands län;500;utanför tätort;2017;5512
Jämtlands län;500;utanför tätort;2018;7341
Jämtlands län;500;utanför tätort;2019;7520
Jämtlands län;500;utanför tätort;2020;7436
Jämtlands län;1000;inom tätort;2014;82302
Jämtlands län;1000;inom tätort;2015;83463
Jämtlands län;1000;inom tätort;2016;84314
Jämtlands län;1000;inom tätort;2017;85656
Jämtlands län;1000;inom tätort;2018;90829
Jämtlands län;1000;inom tätort;2019;91158
Jämtlands län;1000;inom tätort;2020;91552
Jämtlands län;1000;utanför tätort;2014;7689
Jämtlands län;1000;utanför tätort;2015;7965
Jämtlands län;1000;utanför tätort;2016;8275
Jämtlands län;1000;utanför tätort;2017;8805
Jämtlands län;1000;utanför tätort;2018;11654
Jämtlands län;1000;utanför tätort;2019;11941
Jämtlands län;1000;utanför tätort;2020;11528
Jämtlands län;2000;inom tätort;2014;85131
Jämtlands län;2000;inom tätort;2015;86254
Jämtlands län;2000;inom tätort;2016;86875
Jämtlands län;2000;inom tätort;2017;88176
Jämtlands län;2000;inom tätort;2018;92851
Jämtlands län;2000;inom tätort;2019;93199
Jämtlands län;2000;inom tätort;2020;93551
Jämtlands län;2000;utanför tätort;2014;11347
Jämtlands län;2000;utanför tätort;2015;11836
Jämtlands län;2000;utanför tätort;2016;12196
Jämtlands län;2000;utanför tätort;2017;12732
Jämtlands län;2000;utanför tätort;2018;16325
Jämtlands län;2000;utanför tätort;2019;16654
Jämtlands län;2000;utanför tätort;2020;16200
Västerbottens län;400;inom tätort;2014;134739
Västerbottens län;400;inom tätort;2015;163651
Västerbottens län;400;inom tätort;2016;166204
Västerbottens län;400;inom tätort;2017;168177
Västerbottens län;400;inom tätort;2018;176023
Västerbottens län;400;inom tätort;2019;177287
Västerbottens län;400;inom tätort;2020;180086
Västerbottens län;400;utanför tätort;2014;4454
Västerbottens län;400;utanför tätort;2015;4729
Västerbottens län;400;utanför tätort;2016;4789
Västerbottens län;400;utanför tätort;2017;4873
Västerbottens län;400;utanför tätort;2018;6667
Västerbottens län;400;utanför tätort;2019;6366
Västerbottens län;400;utanför tätort;2020;6258
Västerbottens län;500;inom tätort;2014;147724
Västerbottens län;500;inom tätort;2015;175848
Västerbottens län;500;inom tätort;2016;178287
Västerbottens län;500;inom tätort;2017;180023
Västerbottens län;500;inom tätort;2018;188105
Västerbottens län;500;inom tätort;2019;189490
Västerbottens län;500;inom tätort;2020;192534
Västerbottens län;500;utanför tätort;2014;5665
Västerbottens län;500;utanför tätort;2015;5963
Västerbottens län;500;utanför tätort;2016;6166
Västerbottens län;500;utanför tätort;2017;6298
Västerbottens län;500;utanför tätort;2018;8357
Västerbottens län;500;utanför tätort;2019;8055
Västerbottens län;500;utanför tätort;2020;7898
Västerbottens län;1000;inom tätort;2014;183144
Västerbottens län;1000;inom tätort;2015;196731
Västerbottens län;1000;inom tätort;2016;198492
Västerbottens län;1000;inom tätort;2017;200471
Västerbottens län;1000;inom tätort;2018;207652
Västerbottens län;1000;inom tätort;2019;208857
Västerbottens län;1000;inom tätort;2020;210973
Västerbottens län;1000;utanför tätort;2014;11181
Västerbottens län;1000;utanför tätort;2015;11751
Västerbottens län;1000;utanför tätort;2016;12066
Västerbottens län;1000;utanför tätort;2017;12111
Västerbottens län;1000;utanför tätort;2018;15445
Västerbottens län;1000;utanför tätort;2019;15304
Västerbottens län;1000;utanför tätort;2020;14665
Västerbottens län;2000;inom tätort;2014;201859
Västerbottens län;2000;inom tätort;2015;206401
Västerbottens län;2000;inom tätort;2016;208701
Västerbottens län;2000;inom tätort;2017;209997
Västerbottens län;2000;inom tätort;2018;214194
Västerbottens län;2000;inom tätort;2019;215039
Västerbottens län;2000;inom tätort;2020;216611
Västerbottens län;2000;utanför tätort;2014;19410
Västerbottens län;2000;utanför tätort;2015;19814
Västerbottens län;2000;utanför tätort;2016;20104
Västerbottens län;2000;utanför tätort;2017;19451
Västerbottens län;2000;utanför tätort;2018;24211
Västerbottens län;2000;utanför tätort;2019;24233
Västerbottens län;2000;utanför tätort;2020;23388
Norrbottens län;400;inom tätort;2014;134494
Norrbottens län;400;inom tätort;2015;135483
Norrbottens län;400;inom tätort;2016;144880
Norrbottens län;400;inom tätort;2017;145507
Norrbottens län;400;inom tätort;2018;155773
Norrbottens län;400;inom tätort;2019;156755
Norrbottens län;400;inom tätort;2020;156042
Norrbottens län;400;utanför tätort;2014;2465
Norrbottens län;400;utanför tätort;2015;2637
Norrbottens län;400;utanför tätort;2016;3286
Norrbottens län;400;utanför tätort;2017;3485
Norrbottens län;400;utanför tätort;2018;5154
Norrbottens län;400;utanför tätort;2019;5650
Norrbottens län;400;utanför tätort;2020;5134
Norrbottens län;500;inom tätort;2014;149088
Norrbottens län;500;inom tätort;2015;149497
Norrbottens län;500;inom tätort;2016;159512
Norrbottens län;500;inom tätort;2017;160043
Norrbottens län;500;inom tätort;2018;170204
Norrbottens län;500;inom tätort;2019;171261
Norrbottens län;500;inom tätort;2020;170192
Norrbottens län;500;utanför tätort;2014;3019
Norrbottens län;500;utanför tätort;2015;3229
Norrbottens län;500;utanför tätort;2016;4025
Norrbottens län;500;utanför tätort;2017;4270
Norrbottens län;500;utanför tätort;2018;6320
Norrbottens län;500;utanför tätort;2019;7004
Norrbottens län;500;utanför tätort;2020;6197
Norrbottens län;1000;inom tätort;2014;174914
Norrbottens län;1000;inom tätort;2015;172502
Norrbottens län;1000;inom tätort;2016;184863
Norrbottens län;1000;inom tätort;2017;185413
Norrbottens län;1000;inom tätort;2018;193686
Norrbottens län;1000;inom tätort;2019;193814
Norrbottens län;1000;inom tätort;2020;193350
Norrbottens län;1000;utanför tätort;2014;6546
Norrbottens län;1000;utanför tätort;2015;6851
Norrbottens län;1000;utanför tätort;2016;7459
Norrbottens län;1000;utanför tätort;2017;7814
Norrbottens län;1000;utanför tätort;2018;11065
Norrbottens län;1000;utanför tätort;2019;12213
Norrbottens län;1000;utanför tätort;2020;10419
Norrbottens län;2000;inom tätort;2014;186029
Norrbottens län;2000;inom tätort;2015;184935
Norrbottens län;2000;inom tätort;2016;194968
Norrbottens län;2000;inom tätort;2017;195476
Norrbottens län;2000;inom tätort;2018;200847
Norrbottens län;2000;inom tätort;2019;200212
Norrbottens län;2000;inom tätort;2020;200684
Norrbottens län;2000;utanför tätort;2014;10527
Norrbottens län;2000;utanför tätort;2015;11262
Norrbottens län;2000;utanför tätort;2016;11820
Norrbottens län;2000;utanför tätort;2017;12284
Norrbottens län;2000;utanför tätort;2018;17189
Norrbottens län;2000;utanför tätort;2019;18682
Norrbottens län;2000;utanför tätort;2020;16229