region;type;year;amount
Stockholms län;flerbostadshus;1975;9034
Stockholms län;flerbostadshus;1976;4202
Stockholms län;flerbostadshus;1977;2661
Stockholms län;flerbostadshus;1978;2202
Stockholms län;flerbostadshus;1979;3172
Stockholms län;flerbostadshus;1980;3082
Stockholms län;flerbostadshus;1981;3909
Stockholms län;flerbostadshus;1982;4549
Stockholms län;flerbostadshus;1983;6345
Stockholms län;flerbostadshus;1984;5307
Stockholms län;flerbostadshus;1985;6735
Stockholms län;flerbostadshus;1986;5444
Stockholms län;flerbostadshus;1987;4546
Stockholms län;flerbostadshus;1988;4829
Stockholms län;flerbostadshus;1989;6302
Stockholms län;flerbostadshus;1990;6244
Stockholms län;flerbostadshus;1991;6572
Stockholms län;flerbostadshus;1992;6284
Stockholms län;flerbostadshus;1993;6268
Stockholms län;flerbostadshus;1994;4124
Stockholms län;flerbostadshus;1995;1913
Stockholms län;flerbostadshus;1996;2177
Stockholms län;flerbostadshus;1997;2517
Stockholms län;flerbostadshus;1998;2049
Stockholms län;flerbostadshus;1999;2389
Stockholms län;flerbostadshus;2000;2497
Stockholms län;flerbostadshus;2001;2205
Stockholms län;flerbostadshus;2002;5086
Stockholms län;flerbostadshus;2003;4659
Stockholms län;flerbostadshus;2004;5169
Stockholms län;flerbostadshus;2005;4044
Stockholms län;flerbostadshus;2006;7063
Stockholms län;flerbostadshus;2007;6818
Stockholms län;flerbostadshus;2008;7640
Stockholms län;flerbostadshus;2009;7094
Stockholms län;flerbostadshus;2010;4705
Stockholms län;flerbostadshus;2011;5698
Stockholms län;flerbostadshus;2012;6076
Stockholms län;flerbostadshus;2013;7731
Stockholms län;flerbostadshus;2014;6794
Stockholms län;flerbostadshus;2015;9907
Stockholms län;flerbostadshus;2016;11360
Stockholms län;flerbostadshus;2017;12584
Stockholms län;flerbostadshus;2018;12880
Stockholms län;flerbostadshus;2019;13512
Stockholms län;flerbostadshus;2020;10979
Stockholms län;flerbostadshus;2021;12249
Stockholms län;småhus;1975;6380
Stockholms län;småhus;1976;5579
Stockholms län;småhus;1977;4741
Stockholms län;småhus;1978;4553
Stockholms län;småhus;1979;4129
Stockholms län;småhus;1980;3481
Stockholms län;småhus;1981;4148
Stockholms län;småhus;1982;2678
Stockholms län;småhus;1983;4034
Stockholms län;småhus;1984;3549
Stockholms län;småhus;1985;2804
Stockholms län;småhus;1986;2164
Stockholms län;småhus;1987;2403
Stockholms län;småhus;1988;2490
Stockholms län;småhus;1989;2816
Stockholms län;småhus;1990;2841
Stockholms län;småhus;1991;3333
Stockholms län;småhus;1992;2490
Stockholms län;småhus;1993;1704
Stockholms län;småhus;1994;1518
Stockholms län;småhus;1995;1107
Stockholms län;småhus;1996;1205
Stockholms län;småhus;1997;1268
Stockholms län;småhus;1998;1498
Stockholms län;småhus;1999;1754
Stockholms län;småhus;2000;1935
Stockholms län;småhus;2001;2735
Stockholms län;småhus;2002;2323
Stockholms län;småhus;2003;1874
Stockholms län;småhus;2004;2000
Stockholms län;småhus;2005;1885
Stockholms län;småhus;2006;1908
Stockholms län;småhus;2007;2043
Stockholms län;småhus;2008;2681
Stockholms län;småhus;2009;1407
Stockholms län;småhus;2010;1738
Stockholms län;småhus;2011;1556
Stockholms län;småhus;2012;1385
Stockholms län;småhus;2013;2013
Stockholms län;småhus;2014;2256
Stockholms län;småhus;2015;2445
Stockholms län;småhus;2016;2559
Stockholms län;småhus;2017;2711
Stockholms län;småhus;2018;2296
Stockholms län;småhus;2019;1552
Stockholms län;småhus;2020;2157
Stockholms län;småhus;2021;2037
Uppsala län;flerbostadshus;1975;642
Uppsala län;flerbostadshus;1976;496
Uppsala län;flerbostadshus;1977;563
Uppsala län;flerbostadshus;1978;405
Uppsala län;flerbostadshus;1979;285
Uppsala län;flerbostadshus;1980;879
Uppsala län;flerbostadshus;1981;1092
Uppsala län;flerbostadshus;1982;669
Uppsala län;flerbostadshus;1983;923
Uppsala län;flerbostadshus;1984;871
Uppsala län;flerbostadshus;1985;980
Uppsala län;flerbostadshus;1986;554
Uppsala län;flerbostadshus;1987;241
Uppsala län;flerbostadshus;1988;896
Uppsala län;flerbostadshus;1989;945
Uppsala län;flerbostadshus;1990;1209
Uppsala län;flerbostadshus;1991;1314
Uppsala län;flerbostadshus;1992;1369
Uppsala län;flerbostadshus;1993;1796
Uppsala län;flerbostadshus;1994;550
Uppsala län;flerbostadshus;1995;237
Uppsala län;flerbostadshus;1996;181
Uppsala län;flerbostadshus;1997;274
Uppsala län;flerbostadshus;1998;150
Uppsala län;flerbostadshus;1999;100
Uppsala län;flerbostadshus;2000;240
Uppsala län;flerbostadshus;2001;460
Uppsala län;flerbostadshus;2002;551
Uppsala län;flerbostadshus;2003;697
Uppsala län;flerbostadshus;2004;597
Uppsala län;flerbostadshus;2005;675
Uppsala län;flerbostadshus;2006;1119
Uppsala län;flerbostadshus;2007;1544
Uppsala län;flerbostadshus;2008;583
Uppsala län;flerbostadshus;2009;1550
Uppsala län;flerbostadshus;2010;541
Uppsala län;flerbostadshus;2011;1021
Uppsala län;flerbostadshus;2012;370
Uppsala län;flerbostadshus;2013;1398
Uppsala län;flerbostadshus;2014;1151
Uppsala län;flerbostadshus;2015;1433
Uppsala län;flerbostadshus;2016;1499
Uppsala län;flerbostadshus;2017;1904
Uppsala län;flerbostadshus;2018;2904
Uppsala län;flerbostadshus;2019;3382
Uppsala län;flerbostadshus;2020;2809
Uppsala län;flerbostadshus;2021;1605
Uppsala län;småhus;1975;1366
Uppsala län;småhus;1976;1549
Uppsala län;småhus;1977;1492
Uppsala län;småhus;1978;1610
Uppsala län;småhus;1979;1274
Uppsala län;småhus;1980;1186
Uppsala län;småhus;1981;884
Uppsala län;småhus;1982;812
Uppsala län;småhus;1983;928
Uppsala län;småhus;1984;688
Uppsala län;småhus;1985;649
Uppsala län;småhus;1986;432
Uppsala län;småhus;1987;509
Uppsala län;småhus;1988;875
Uppsala län;småhus;1989;1176
Uppsala län;småhus;1990;1188
Uppsala län;småhus;1991;1568
Uppsala län;småhus;1992;600
Uppsala län;småhus;1993;479
Uppsala län;småhus;1994;247
Uppsala län;småhus;1995;189
Uppsala län;småhus;1996;121
Uppsala län;småhus;1997;116
Uppsala län;småhus;1998;98
Uppsala län;småhus;1999;136
Uppsala län;småhus;2000;155
Uppsala län;småhus;2001;187
Uppsala län;småhus;2002;325
Uppsala län;småhus;2003;574
Uppsala län;småhus;2004;935
Uppsala län;småhus;2005;325
Uppsala län;småhus;2006;421
Uppsala län;småhus;2007;479
Uppsala län;småhus;2008;466
Uppsala län;småhus;2009;407
Uppsala län;småhus;2010;500
Uppsala län;småhus;2011;383
Uppsala län;småhus;2012;393
Uppsala län;småhus;2013;430
Uppsala län;småhus;2014;552
Uppsala län;småhus;2015;470
Uppsala län;småhus;2016;628
Uppsala län;småhus;2017;808
Uppsala län;småhus;2018;732
Uppsala län;småhus;2019;478
Uppsala län;småhus;2020;523
Uppsala län;småhus;2021;533
Södermanlands län;flerbostadshus;1975;577
Södermanlands län;flerbostadshus;1976;170
Södermanlands län;flerbostadshus;1977;113
Södermanlands län;flerbostadshus;1978;467
Södermanlands län;flerbostadshus;1979;311
Södermanlands län;flerbostadshus;1980;471
Södermanlands län;flerbostadshus;1981;707
Södermanlands län;flerbostadshus;1982;389
Södermanlands län;flerbostadshus;1983;569
Södermanlands län;flerbostadshus;1984;259
Södermanlands län;flerbostadshus;1985;328
Södermanlands län;flerbostadshus;1986;488
Södermanlands län;flerbostadshus;1987;279
Södermanlands län;flerbostadshus;1988;456
Södermanlands län;flerbostadshus;1989;306
Södermanlands län;flerbostadshus;1990;741
Södermanlands län;flerbostadshus;1991;969
Södermanlands län;flerbostadshus;1992;1249
Södermanlands län;flerbostadshus;1993;630
Södermanlands län;flerbostadshus;1994;716
Södermanlands län;flerbostadshus;1995;91
Södermanlands län;flerbostadshus;1996;193
Södermanlands län;flerbostadshus;1997;24
Södermanlands län;flerbostadshus;1998;87
Södermanlands län;flerbostadshus;1999;106
Södermanlands län;flerbostadshus;2000;47
Södermanlands län;flerbostadshus;2001;111
Södermanlands län;flerbostadshus;2002;119
Södermanlands län;flerbostadshus;2003;147
Södermanlands län;flerbostadshus;2004;113
Södermanlands län;flerbostadshus;2005;358
Södermanlands län;flerbostadshus;2006;274
Södermanlands län;flerbostadshus;2007;523
Södermanlands län;flerbostadshus;2008;416
Södermanlands län;flerbostadshus;2009;118
Södermanlands län;flerbostadshus;2010;288
Södermanlands län;flerbostadshus;2011;277
Södermanlands län;flerbostadshus;2012;417
Södermanlands län;flerbostadshus;2013;404
Södermanlands län;flerbostadshus;2014;442
Södermanlands län;flerbostadshus;2015;598
Södermanlands län;flerbostadshus;2016;450
Södermanlands län;flerbostadshus;2017;551
Södermanlands län;flerbostadshus;2018;1313
Södermanlands län;flerbostadshus;2019;877
Södermanlands län;flerbostadshus;2020;1488
Södermanlands län;flerbostadshus;2021;1176
Södermanlands län;småhus;1975;1255
Södermanlands län;småhus;1976;1019
Södermanlands län;småhus;1977;973
Södermanlands län;småhus;1978;1108
Södermanlands län;småhus;1979;1201
Södermanlands län;småhus;1980;1115
Södermanlands län;småhus;1981;1216
Södermanlands län;småhus;1982;703
Södermanlands län;småhus;1983;507
Södermanlands län;småhus;1984;573
Södermanlands län;småhus;1985;303
Södermanlands län;småhus;1986;249
Södermanlands län;småhus;1987;271
Södermanlands län;småhus;1988;616
Södermanlands län;småhus;1989;494
Södermanlands län;småhus;1990;695
Södermanlands län;småhus;1991;816
Södermanlands län;småhus;1992;664
Södermanlands län;småhus;1993;182
Södermanlands län;småhus;1994;144
Södermanlands län;småhus;1995;50
Södermanlands län;småhus;1996;65
Södermanlands län;småhus;1997;89
Södermanlands län;småhus;1998;80
Södermanlands län;småhus;1999;28
Södermanlands län;småhus;2000;71
Södermanlands län;småhus;2001;129
Södermanlands län;småhus;2002;129
Södermanlands län;småhus;2003;307
Södermanlands län;småhus;2004;373
Södermanlands län;småhus;2005;331
Södermanlands län;småhus;2006;501
Södermanlands län;småhus;2007;475
Södermanlands län;småhus;2008;472
Södermanlands län;småhus;2009;282
Södermanlands län;småhus;2010;395
Södermanlands län;småhus;2011;272
Södermanlands län;småhus;2012;224
Södermanlands län;småhus;2013;160
Södermanlands län;småhus;2014;174
Södermanlands län;småhus;2015;256
Södermanlands län;småhus;2016;302
Södermanlands län;småhus;2017;637
Södermanlands län;småhus;2018;508
Södermanlands län;småhus;2019;450
Södermanlands län;småhus;2020;435
Södermanlands län;småhus;2021;502
Östergötlands län;flerbostadshus;1975;1394
Östergötlands län;flerbostadshus;1976;549
Östergötlands län;flerbostadshus;1977;619
Östergötlands län;flerbostadshus;1978;485
Östergötlands län;flerbostadshus;1979;688
Östergötlands län;flerbostadshus;1980;616
Östergötlands län;flerbostadshus;1981;1120
Östergötlands län;flerbostadshus;1982;757
Östergötlands län;flerbostadshus;1983;1388
Östergötlands län;flerbostadshus;1984;616
Östergötlands län;flerbostadshus;1985;812
Östergötlands län;flerbostadshus;1986;516
Östergötlands län;flerbostadshus;1987;980
Östergötlands län;flerbostadshus;1988;640
Östergötlands län;flerbostadshus;1989;1457
Östergötlands län;flerbostadshus;1990;1449
Östergötlands län;flerbostadshus;1991;1593
Östergötlands län;flerbostadshus;1992;1576
Östergötlands län;flerbostadshus;1993;710
Östergötlands län;flerbostadshus;1994;678
Östergötlands län;flerbostadshus;1995;640
Östergötlands län;flerbostadshus;1996;476
Östergötlands län;flerbostadshus;1997;412
Östergötlands län;flerbostadshus;1998;332
Östergötlands län;flerbostadshus;1999;262
Östergötlands län;flerbostadshus;2000;208
Östergötlands län;flerbostadshus;2001;215
Östergötlands län;flerbostadshus;2002;359
Östergötlands län;flerbostadshus;2003;1151
Östergötlands län;flerbostadshus;2004;384
Östergötlands län;flerbostadshus;2005;382
Östergötlands län;flerbostadshus;2006;338
Östergötlands län;flerbostadshus;2007;691
Östergötlands län;flerbostadshus;2008;615
Östergötlands län;flerbostadshus;2009;259
Östergötlands län;flerbostadshus;2010;231
Östergötlands län;flerbostadshus;2011;306
Östergötlands län;flerbostadshus;2012;385
Östergötlands län;flerbostadshus;2013;434
Östergötlands län;flerbostadshus;2014;512
Östergötlands län;flerbostadshus;2015;1492
Östergötlands län;flerbostadshus;2016;1842
Östergötlands län;flerbostadshus;2017;2047
Östergötlands län;flerbostadshus;2018;1797
Östergötlands län;flerbostadshus;2019;1675
Östergötlands län;flerbostadshus;2020;1714
Östergötlands län;flerbostadshus;2021;1551
Östergötlands län;småhus;1975;2623
Östergötlands län;småhus;1976;1816
Östergötlands län;småhus;1977;1752
Östergötlands län;småhus;1978;1761
Östergötlands län;småhus;1979;2052
Östergötlands län;småhus;1980;1818
Östergötlands län;småhus;1981;1516
Östergötlands län;småhus;1982;1630
Östergötlands län;småhus;1983;1214
Östergötlands län;småhus;1984;721
Östergötlands län;småhus;1985;677
Östergötlands län;småhus;1986;684
Östergötlands län;småhus;1987;654
Östergötlands län;småhus;1988;694
Östergötlands län;småhus;1989;1010
Östergötlands län;småhus;1990;1161
Östergötlands län;småhus;1991;1411
Östergötlands län;småhus;1992;1002
Östergötlands län;småhus;1993;358
Östergötlands län;småhus;1994;128
Östergötlands län;småhus;1995;78
Östergötlands län;småhus;1996;118
Östergötlands län;småhus;1997;90
Östergötlands län;småhus;1998;120
Östergötlands län;småhus;1999;183
Östergötlands län;småhus;2000;193
Östergötlands län;småhus;2001;342
Östergötlands län;småhus;2002;269
Östergötlands län;småhus;2003;348
Östergötlands län;småhus;2004;466
Östergötlands län;småhus;2005;370
Östergötlands län;småhus;2006;505
Östergötlands län;småhus;2007;551
Östergötlands län;småhus;2008;593
Östergötlands län;småhus;2009;482
Östergötlands län;småhus;2010;502
Östergötlands län;småhus;2011;340
Östergötlands län;småhus;2012;418
Östergötlands län;småhus;2013;403
Östergötlands län;småhus;2014;330
Östergötlands län;småhus;2015;525
Östergötlands län;småhus;2016;533
Östergötlands län;småhus;2017;544
Östergötlands län;småhus;2018;684
Östergötlands län;småhus;2019;437
Östergötlands län;småhus;2020;446
Östergötlands län;småhus;2021;488
Jönköpings län;flerbostadshus;1975;645
Jönköpings län;flerbostadshus;1976;506
Jönköpings län;flerbostadshus;1977;485
Jönköpings län;flerbostadshus;1978;397
Jönköpings län;flerbostadshus;1979;642
Jönköpings län;flerbostadshus;1980;457
Jönköpings län;flerbostadshus;1981;533
Jönköpings län;flerbostadshus;1982;613
Jönköpings län;flerbostadshus;1983;776
Jönköpings län;flerbostadshus;1984;481
Jönköpings län;flerbostadshus;1985;405
Jönköpings län;flerbostadshus;1986;572
Jönköpings län;flerbostadshus;1987;513
Jönköpings län;flerbostadshus;1988;994
Jönköpings län;flerbostadshus;1989;898
Jönköpings län;flerbostadshus;1990;1645
Jönköpings län;flerbostadshus;1991;1534
Jönköpings län;flerbostadshus;1992;1278
Jönköpings län;flerbostadshus;1993;1173
Jönköpings län;flerbostadshus;1994;759
Jönköpings län;flerbostadshus;1995;344
Jönköpings län;flerbostadshus;1996;172
Jönköpings län;flerbostadshus;1997;298
Jönköpings län;flerbostadshus;1998;139
Jönköpings län;flerbostadshus;1999;280
Jönköpings län;flerbostadshus;2000;177
Jönköpings län;flerbostadshus;2001;393
Jönköpings län;flerbostadshus;2002;241
Jönköpings län;flerbostadshus;2003;269
Jönköpings län;flerbostadshus;2004;418
Jönköpings län;flerbostadshus;2005;443
Jönköpings län;flerbostadshus;2006;698
Jönköpings län;flerbostadshus;2007;254
Jönköpings län;flerbostadshus;2008;235
Jönköpings län;flerbostadshus;2009;236
Jönköpings län;flerbostadshus;2010;73
Jönköpings län;flerbostadshus;2011;312
Jönköpings län;flerbostadshus;2012;259
Jönköpings län;flerbostadshus;2013;1031
Jönköpings län;flerbostadshus;2014;194
Jönköpings län;flerbostadshus;2015;417
Jönköpings län;flerbostadshus;2016;631
Jönköpings län;flerbostadshus;2017;1137
Jönköpings län;flerbostadshus;2018;683
Jönköpings län;flerbostadshus;2019;1033
Jönköpings län;flerbostadshus;2020;950
Jönköpings län;flerbostadshus;2021;943
Jönköpings län;småhus;1975;2174
Jönköpings län;småhus;1976;1834
Jönköpings län;småhus;1977;1689
Jönköpings län;småhus;1978;1686
Jönköpings län;småhus;1979;1755
Jönköpings län;småhus;1980;1864
Jönköpings län;småhus;1981;1761
Jönköpings län;småhus;1982;1272
Jönköpings län;småhus;1983;863
Jönköpings län;småhus;1984;593
Jönköpings län;småhus;1985;463
Jönköpings län;småhus;1986;451
Jönköpings län;småhus;1987;537
Jönköpings län;småhus;1988;749
Jönköpings län;småhus;1989;908
Jönköpings län;småhus;1990;979
Jönköpings län;småhus;1991;926
Jönköpings län;småhus;1992;574
Jönköpings län;småhus;1993;219
Jönköpings län;småhus;1994;128
Jönköpings län;småhus;1995;125
Jönköpings län;småhus;1996;90
Jönköpings län;småhus;1997;71
Jönköpings län;småhus;1998;72
Jönköpings län;småhus;1999;78
Jönköpings län;småhus;2000;116
Jönköpings län;småhus;2001;151
Jönköpings län;småhus;2002;209
Jönköpings län;småhus;2003;177
Jönköpings län;småhus;2004;476
Jönköpings län;småhus;2005;317
Jönköpings län;småhus;2006;495
Jönköpings län;småhus;2007;380
Jönköpings län;småhus;2008;356
Jönköpings län;småhus;2009;316
Jönköpings län;småhus;2010;277
Jönköpings län;småhus;2011;314
Jönköpings län;småhus;2012;271
Jönköpings län;småhus;2013;361
Jönköpings län;småhus;2014;207
Jönköpings län;småhus;2015;221
Jönköpings län;småhus;2016;400
Jönköpings län;småhus;2017;365
Jönköpings län;småhus;2018;424
Jönköpings län;småhus;2019;429
Jönköpings län;småhus;2020;404
Jönköpings län;småhus;2021;403
Kronobergs län;flerbostadshus;1975;177
Kronobergs län;flerbostadshus;1976;60
Kronobergs län;flerbostadshus;1977;0
Kronobergs län;flerbostadshus;1978;10
Kronobergs län;flerbostadshus;1979;146
Kronobergs län;flerbostadshus;1980;325
Kronobergs län;flerbostadshus;1981;77
Kronobergs län;flerbostadshus;1982;366
Kronobergs län;flerbostadshus;1983;411
Kronobergs län;flerbostadshus;1984;200
Kronobergs län;flerbostadshus;1985;119
Kronobergs län;flerbostadshus;1986;210
Kronobergs län;flerbostadshus;1987;202
Kronobergs län;flerbostadshus;1988;606
Kronobergs län;flerbostadshus;1989;605
Kronobergs län;flerbostadshus;1990;904
Kronobergs län;flerbostadshus;1991;747
Kronobergs län;flerbostadshus;1992;907
Kronobergs län;flerbostadshus;1993;580
Kronobergs län;flerbostadshus;1994;476
Kronobergs län;flerbostadshus;1995;350
Kronobergs län;flerbostadshus;1996;746
Kronobergs län;flerbostadshus;1997;506
Kronobergs län;flerbostadshus;1998;213
Kronobergs län;flerbostadshus;1999;81
Kronobergs län;flerbostadshus;2000;337
Kronobergs län;flerbostadshus;2001;145
Kronobergs län;flerbostadshus;2002;832
Kronobergs län;flerbostadshus;2003;368
Kronobergs län;flerbostadshus;2004;291
Kronobergs län;flerbostadshus;2005;510
Kronobergs län;flerbostadshus;2006;257
Kronobergs län;flerbostadshus;2007;315
Kronobergs län;flerbostadshus;2008;357
Kronobergs län;flerbostadshus;2009;143
Kronobergs län;flerbostadshus;2010;203
Kronobergs län;flerbostadshus;2011;99
Kronobergs län;flerbostadshus;2012;56
Kronobergs län;flerbostadshus;2013;324
Kronobergs län;flerbostadshus;2014;336
Kronobergs län;flerbostadshus;2015;393
Kronobergs län;flerbostadshus;2016;379
Kronobergs län;flerbostadshus;2017;597
Kronobergs län;flerbostadshus;2018;1419
Kronobergs län;flerbostadshus;2019;689
Kronobergs län;flerbostadshus;2020;976
Kronobergs län;flerbostadshus;2021;758
Kronobergs län;småhus;1975;1259
Kronobergs län;småhus;1976;1068
Kronobergs län;småhus;1977;1200
Kronobergs län;småhus;1978;1331
Kronobergs län;småhus;1979;1281
Kronobergs län;småhus;1980;1233
Kronobergs län;småhus;1981;844
Kronobergs län;småhus;1982;745
Kronobergs län;småhus;1983;490
Kronobergs län;småhus;1984;429
Kronobergs län;småhus;1985;333
Kronobergs län;småhus;1986;299
Kronobergs län;småhus;1987;289
Kronobergs län;småhus;1988;387
Kronobergs län;småhus;1989;622
Kronobergs län;småhus;1990;432
Kronobergs län;småhus;1991;740
Kronobergs län;småhus;1992;388
Kronobergs län;småhus;1993;200
Kronobergs län;småhus;1994;66
Kronobergs län;småhus;1995;77
Kronobergs län;småhus;1996;94
Kronobergs län;småhus;1997;59
Kronobergs län;småhus;1998;59
Kronobergs län;småhus;1999;83
Kronobergs län;småhus;2000;92
Kronobergs län;småhus;2001;159
Kronobergs län;småhus;2002;145
Kronobergs län;småhus;2003;128
Kronobergs län;småhus;2004;145
Kronobergs län;småhus;2005;221
Kronobergs län;småhus;2006;357
Kronobergs län;småhus;2007;284
Kronobergs län;småhus;2008;333
Kronobergs län;småhus;2009;250
Kronobergs län;småhus;2010;229
Kronobergs län;småhus;2011;180
Kronobergs län;småhus;2012;240
Kronobergs län;småhus;2013;198
Kronobergs län;småhus;2014;227
Kronobergs län;småhus;2015;194
Kronobergs län;småhus;2016;211
Kronobergs län;småhus;2017;296
Kronobergs län;småhus;2018;378
Kronobergs län;småhus;2019;214
Kronobergs län;småhus;2020;257
Kronobergs län;småhus;2021;173
Kalmar län;flerbostadshus;1975;464
Kalmar län;flerbostadshus;1976;130
Kalmar län;flerbostadshus;1977;180
Kalmar län;flerbostadshus;1978;181
Kalmar län;flerbostadshus;1979;225
Kalmar län;flerbostadshus;1980;420
Kalmar län;flerbostadshus;1981;394
Kalmar län;flerbostadshus;1982;176
Kalmar län;flerbostadshus;1983;288
Kalmar län;flerbostadshus;1984;245
Kalmar län;flerbostadshus;1985;217
Kalmar län;flerbostadshus;1986;268
Kalmar län;flerbostadshus;1987;463
Kalmar län;flerbostadshus;1988;243
Kalmar län;flerbostadshus;1989;648
Kalmar län;flerbostadshus;1990;780
Kalmar län;flerbostadshus;1991;888
Kalmar län;flerbostadshus;1992;924
Kalmar län;flerbostadshus;1993;666
Kalmar län;flerbostadshus;1994;422
Kalmar län;flerbostadshus;1995;211
Kalmar län;flerbostadshus;1996;207
Kalmar län;flerbostadshus;1997;182
Kalmar län;flerbostadshus;1998;111
Kalmar län;flerbostadshus;1999;157
Kalmar län;flerbostadshus;2000;97
Kalmar län;flerbostadshus;2001;14
Kalmar län;flerbostadshus;2002;206
Kalmar län;flerbostadshus;2003;241
Kalmar län;flerbostadshus;2004;91
Kalmar län;flerbostadshus;2005;85
Kalmar län;flerbostadshus;2006;149
Kalmar län;flerbostadshus;2007;203
Kalmar län;flerbostadshus;2008;375
Kalmar län;flerbostadshus;2009;71
Kalmar län;flerbostadshus;2010;100
Kalmar län;flerbostadshus;2011;83
Kalmar län;flerbostadshus;2012;132
Kalmar län;flerbostadshus;2013;96
Kalmar län;flerbostadshus;2014;144
Kalmar län;flerbostadshus;2015;323
Kalmar län;flerbostadshus;2016;257
Kalmar län;flerbostadshus;2017;526
Kalmar län;flerbostadshus;2018;953
Kalmar län;flerbostadshus;2019;800
Kalmar län;flerbostadshus;2020;1087
Kalmar län;flerbostadshus;2021;314
Kalmar län;småhus;1975;1711
Kalmar län;småhus;1976;1070
Kalmar län;småhus;1977;1285
Kalmar län;småhus;1978;1332
Kalmar län;småhus;1979;1317
Kalmar län;småhus;1980;1286
Kalmar län;småhus;1981;1145
Kalmar län;småhus;1982;835
Kalmar län;småhus;1983;640
Kalmar län;småhus;1984;422
Kalmar län;småhus;1985;383
Kalmar län;småhus;1986;280
Kalmar län;småhus;1987;451
Kalmar län;småhus;1988;516
Kalmar län;småhus;1989;743
Kalmar län;småhus;1990;961
Kalmar län;småhus;1991;899
Kalmar län;småhus;1992;526
Kalmar län;småhus;1993;175
Kalmar län;småhus;1994;126
Kalmar län;småhus;1995;91
Kalmar län;småhus;1996;54
Kalmar län;småhus;1997;67
Kalmar län;småhus;1998;30
Kalmar län;småhus;1999;37
Kalmar län;småhus;2000;28
Kalmar län;småhus;2001;94
Kalmar län;småhus;2002;30
Kalmar län;småhus;2003;63
Kalmar län;småhus;2004;292
Kalmar län;småhus;2005;146
Kalmar län;småhus;2006;186
Kalmar län;småhus;2007;267
Kalmar län;småhus;2008;230
Kalmar län;småhus;2009;180
Kalmar län;småhus;2010;300
Kalmar län;småhus;2011;248
Kalmar län;småhus;2012;308
Kalmar län;småhus;2013;163
Kalmar län;småhus;2014;135
Kalmar län;småhus;2015;144
Kalmar län;småhus;2016;218
Kalmar län;småhus;2017;232
Kalmar län;småhus;2018;249
Kalmar län;småhus;2019;271
Kalmar län;småhus;2020;303
Kalmar län;småhus;2021;282
Gotlands län;flerbostadshus;1975;81
Gotlands län;flerbostadshus;1976;91
Gotlands län;flerbostadshus;1977;119
Gotlands län;flerbostadshus;1978;0
Gotlands län;flerbostadshus;1979;62
Gotlands län;flerbostadshus;1980;145
Gotlands län;flerbostadshus;1981;135
Gotlands län;flerbostadshus;1982;125
Gotlands län;flerbostadshus;1983;140
Gotlands län;flerbostadshus;1984;70
Gotlands län;flerbostadshus;1985;71
Gotlands län;flerbostadshus;1986;12
Gotlands län;flerbostadshus;1987;6
Gotlands län;flerbostadshus;1988;125
Gotlands län;flerbostadshus;1989;279
Gotlands län;flerbostadshus;1990;127
Gotlands län;flerbostadshus;1991;182
Gotlands län;flerbostadshus;1992;76
Gotlands län;flerbostadshus;1993;40
Gotlands län;flerbostadshus;1994;169
Gotlands län;flerbostadshus;1995;106
Gotlands län;flerbostadshus;1996;69
Gotlands län;flerbostadshus;1997;48
Gotlands län;flerbostadshus;1998;59
Gotlands län;flerbostadshus;1999;29
Gotlands län;flerbostadshus;2000;45
Gotlands län;flerbostadshus;2001;42
Gotlands län;flerbostadshus;2002;156
Gotlands län;flerbostadshus;2003;30
Gotlands län;flerbostadshus;2004;167
Gotlands län;flerbostadshus;2005;168
Gotlands län;flerbostadshus;2006;67
Gotlands län;flerbostadshus;2007;109
Gotlands län;flerbostadshus;2008;100
Gotlands län;flerbostadshus;2009;88
Gotlands län;flerbostadshus;2010;30
Gotlands län;flerbostadshus;2011;91
Gotlands län;flerbostadshus;2012;96
Gotlands län;flerbostadshus;2013;8
Gotlands län;flerbostadshus;2014;67
Gotlands län;flerbostadshus;2015;31
Gotlands län;flerbostadshus;2016;243
Gotlands län;flerbostadshus;2017;88
Gotlands län;flerbostadshus;2018;217
Gotlands län;flerbostadshus;2019;217
Gotlands län;flerbostadshus;2020;25
Gotlands län;flerbostadshus;2021;152
Gotlands län;småhus;1975;308
Gotlands län;småhus;1976;235
Gotlands län;småhus;1977;294
Gotlands län;småhus;1978;323
Gotlands län;småhus;1979;380
Gotlands län;småhus;1980;230
Gotlands län;småhus;1981;362
Gotlands län;småhus;1982;365
Gotlands län;småhus;1983;265
Gotlands län;småhus;1984;155
Gotlands län;småhus;1985;269
Gotlands län;småhus;1986;172
Gotlands län;småhus;1987;59
Gotlands län;småhus;1988;193
Gotlands län;småhus;1989;174
Gotlands län;småhus;1990;150
Gotlands län;småhus;1991;163
Gotlands län;småhus;1992;164
Gotlands län;småhus;1993;88
Gotlands län;småhus;1994;18
Gotlands län;småhus;1995;11
Gotlands län;småhus;1996;16
Gotlands län;småhus;1997;9
Gotlands län;småhus;1998;5
Gotlands län;småhus;1999;10
Gotlands län;småhus;2000;5
Gotlands län;småhus;2001;50
Gotlands län;småhus;2002;35
Gotlands län;småhus;2003;27
Gotlands län;småhus;2004;57
Gotlands län;småhus;2005;48
Gotlands län;småhus;2006;155
Gotlands län;småhus;2007;112
Gotlands län;småhus;2008;100
Gotlands län;småhus;2009;88
Gotlands län;småhus;2010;38
Gotlands län;småhus;2011;26
Gotlands län;småhus;2012;64
Gotlands län;småhus;2013;104
Gotlands län;småhus;2014;90
Gotlands län;småhus;2015;22
Gotlands län;småhus;2016;54
Gotlands län;småhus;2017;36
Gotlands län;småhus;2018;59
Gotlands län;småhus;2019;60
Gotlands län;småhus;2020;53
Gotlands län;småhus;2021;74
Blekinge län;flerbostadshus;1975;147
Blekinge län;flerbostadshus;1976;0
Blekinge län;flerbostadshus;1977;34
Blekinge län;flerbostadshus;1978;93
Blekinge län;flerbostadshus;1979;92
Blekinge län;flerbostadshus;1980;191
Blekinge län;flerbostadshus;1981;71
Blekinge län;flerbostadshus;1982;207
Blekinge län;flerbostadshus;1983;68
Blekinge län;flerbostadshus;1984;152
Blekinge län;flerbostadshus;1985;139
Blekinge län;flerbostadshus;1986;113
Blekinge län;flerbostadshus;1987;123
Blekinge län;flerbostadshus;1988;278
Blekinge län;flerbostadshus;1989;386
Blekinge län;flerbostadshus;1990;523
Blekinge län;flerbostadshus;1991;430
Blekinge län;flerbostadshus;1992;462
Blekinge län;flerbostadshus;1993;618
Blekinge län;flerbostadshus;1994;149
Blekinge län;flerbostadshus;1995;199
Blekinge län;flerbostadshus;1996;101
Blekinge län;flerbostadshus;1997;36
Blekinge län;flerbostadshus;1998;151
Blekinge län;flerbostadshus;1999;72
Blekinge län;flerbostadshus;2000;195
Blekinge län;flerbostadshus;2001;92
Blekinge län;flerbostadshus;2002;103
Blekinge län;flerbostadshus;2003;14
Blekinge län;flerbostadshus;2004;1
Blekinge län;flerbostadshus;2005;236
Blekinge län;flerbostadshus;2006;95
Blekinge län;flerbostadshus;2007;245
Blekinge län;flerbostadshus;2008;54
Blekinge län;flerbostadshus;2009;64
Blekinge län;flerbostadshus;2010;127
Blekinge län;flerbostadshus;2011;0
Blekinge län;flerbostadshus;2012;27
Blekinge län;flerbostadshus;2013;67
Blekinge län;flerbostadshus;2014;215
Blekinge län;flerbostadshus;2015;88
Blekinge län;flerbostadshus;2016;47
Blekinge län;flerbostadshus;2017;69
Blekinge län;flerbostadshus;2018;161
Blekinge län;flerbostadshus;2019;211
Blekinge län;flerbostadshus;2020;437
Blekinge län;flerbostadshus;2021;145
Blekinge län;småhus;1975;1072
Blekinge län;småhus;1976;662
Blekinge län;småhus;1977;768
Blekinge län;småhus;1978;710
Blekinge län;småhus;1979;772
Blekinge län;småhus;1980;707
Blekinge län;småhus;1981;567
Blekinge län;småhus;1982;319
Blekinge län;småhus;1983;423
Blekinge län;småhus;1984;281
Blekinge län;småhus;1985;295
Blekinge län;småhus;1986;161
Blekinge län;småhus;1987;339
Blekinge län;småhus;1988;332
Blekinge län;småhus;1989;393
Blekinge län;småhus;1990;427
Blekinge län;småhus;1991;359
Blekinge län;småhus;1992;330
Blekinge län;småhus;1993;99
Blekinge län;småhus;1994;70
Blekinge län;småhus;1995;28
Blekinge län;småhus;1996;65
Blekinge län;småhus;1997;50
Blekinge län;småhus;1998;60
Blekinge län;småhus;1999;32
Blekinge län;småhus;2000;38
Blekinge län;småhus;2001;131
Blekinge län;småhus;2002;135
Blekinge län;småhus;2003;71
Blekinge län;småhus;2004;227
Blekinge län;småhus;2005;189
Blekinge län;småhus;2006;304
Blekinge län;småhus;2007;199
Blekinge län;småhus;2008;208
Blekinge län;småhus;2009;145
Blekinge län;småhus;2010;96
Blekinge län;småhus;2011;141
Blekinge län;småhus;2012;159
Blekinge län;småhus;2013;52
Blekinge län;småhus;2014;141
Blekinge län;småhus;2015;123
Blekinge län;småhus;2016;144
Blekinge län;småhus;2017;154
Blekinge län;småhus;2018;175
Blekinge län;småhus;2019;217
Blekinge län;småhus;2020;209
Blekinge län;småhus;2021;140
Skåne län;flerbostadshus;1975;2639
Skåne län;flerbostadshus;1976;1657
Skåne län;flerbostadshus;1977;1726
Skåne län;flerbostadshus;1978;1305
Skåne län;flerbostadshus;1979;2279
Skåne län;flerbostadshus;1980;1522
Skåne län;flerbostadshus;1981;1828
Skåne län;flerbostadshus;1982;2458
Skåne län;flerbostadshus;1983;2570
Skåne län;flerbostadshus;1984;1417
Skåne län;flerbostadshus;1985;1644
Skåne län;flerbostadshus;1986;1465
Skåne län;flerbostadshus;1987;1848
Skåne län;flerbostadshus;1988;1916
Skåne län;flerbostadshus;1989;3067
Skåne län;flerbostadshus;1990;3129
Skåne län;flerbostadshus;1991;3913
Skåne län;flerbostadshus;1992;4049
Skåne län;flerbostadshus;1993;3177
Skåne län;flerbostadshus;1994;1905
Skåne län;flerbostadshus;1995;1127
Skåne län;flerbostadshus;1996;1423
Skåne län;flerbostadshus;1997;1243
Skåne län;flerbostadshus;1998;1285
Skåne län;flerbostadshus;1999;1237
Skåne län;flerbostadshus;2000;1151
Skåne län;flerbostadshus;2001;1524
Skåne län;flerbostadshus;2002;1376
Skåne län;flerbostadshus;2003;773
Skåne län;flerbostadshus;2004;1710
Skåne län;flerbostadshus;2005;2297
Skåne län;flerbostadshus;2006;3117
Skåne län;flerbostadshus;2007;2789
Skåne län;flerbostadshus;2008;2293
Skåne län;flerbostadshus;2009;1453
Skåne län;flerbostadshus;2010;1185
Skåne län;flerbostadshus;2011;1461
Skåne län;flerbostadshus;2012;2274
Skåne län;flerbostadshus;2013;2565
Skåne län;flerbostadshus;2014;3561
Skåne län;flerbostadshus;2015;2768
Skåne län;flerbostadshus;2016;3599
Skåne län;flerbostadshus;2017;5033
Skåne län;flerbostadshus;2018;6243
Skåne län;flerbostadshus;2019;7337
Skåne län;flerbostadshus;2020;5982
Skåne län;flerbostadshus;2021;6988
Skåne län;småhus;1975;6359
Skåne län;småhus;1976;5463
Skåne län;småhus;1977;5681
Skåne län;småhus;1978;4714
Skåne län;småhus;1979;4867
Skåne län;småhus;1980;4609
Skåne län;småhus;1981;4048
Skåne län;småhus;1982;3554
Skåne län;småhus;1983;3248
Skåne län;småhus;1984;2227
Skåne län;småhus;1985;2041
Skåne län;småhus;1986;2237
Skåne län;småhus;1987;2501
Skåne län;småhus;1988;2884
Skåne län;småhus;1989;3923
Skåne län;småhus;1990;4402
Skåne län;småhus;1991;4906
Skåne län;småhus;1992;3430
Skåne län;småhus;1993;1741
Skåne län;småhus;1994;561
Skåne län;småhus;1995;412
Skåne län;småhus;1996;389
Skåne län;småhus;1997;523
Skåne län;småhus;1998;575
Skåne län;småhus;1999;820
Skåne län;småhus;2000;751
Skåne län;småhus;2001;1210
Skåne län;småhus;2002;947
Skåne län;småhus;2003;1522
Skåne län;småhus;2004;2257
Skåne län;småhus;2005;1823
Skåne län;småhus;2006;1925
Skåne län;småhus;2007;2561
Skåne län;småhus;2008;1985
Skåne län;småhus;2009;1533
Skåne län;småhus;2010;1333
Skåne län;småhus;2011;1388
Skåne län;småhus;2012;1798
Skåne län;småhus;2013;1348
Skåne län;småhus;2014;1070
Skåne län;småhus;2015;1051
Skåne län;småhus;2016;1544
Skåne län;småhus;2017;1785
Skåne län;småhus;2018;2031
Skåne län;småhus;2019;1818
Skåne län;småhus;2020;1853
Skåne län;småhus;2021;1702
Hallands län;flerbostadshus;1975;692
Hallands län;flerbostadshus;1976;204
Hallands län;flerbostadshus;1977;229
Hallands län;flerbostadshus;1978;345
Hallands län;flerbostadshus;1979;427
Hallands län;flerbostadshus;1980;415
Hallands län;flerbostadshus;1981;642
Hallands län;flerbostadshus;1982;363
Hallands län;flerbostadshus;1983;493
Hallands län;flerbostadshus;1984;878
Hallands län;flerbostadshus;1985;628
Hallands län;flerbostadshus;1986;565
Hallands län;flerbostadshus;1987;706
Hallands län;flerbostadshus;1988;532
Hallands län;flerbostadshus;1989;879
Hallands län;flerbostadshus;1990;982
Hallands län;flerbostadshus;1991;1239
Hallands län;flerbostadshus;1992;1940
Hallands län;flerbostadshus;1993;1215
Hallands län;flerbostadshus;1994;260
Hallands län;flerbostadshus;1995;383
Hallands län;flerbostadshus;1996;315
Hallands län;flerbostadshus;1997;365
Hallands län;flerbostadshus;1998;569
Hallands län;flerbostadshus;1999;227
Hallands län;flerbostadshus;2000;471
Hallands län;flerbostadshus;2001;523
Hallands län;flerbostadshus;2002;494
Hallands län;flerbostadshus;2003;524
Hallands län;flerbostadshus;2004;359
Hallands län;flerbostadshus;2005;348
Hallands län;flerbostadshus;2006;720
Hallands län;flerbostadshus;2007;674
Hallands län;flerbostadshus;2008;863
Hallands län;flerbostadshus;2009;424
Hallands län;flerbostadshus;2010;71
Hallands län;flerbostadshus;2011;480
Hallands län;flerbostadshus;2012;408
Hallands län;flerbostadshus;2013;712
Hallands län;flerbostadshus;2014;779
Hallands län;flerbostadshus;2015;603
Hallands län;flerbostadshus;2016;870
Hallands län;flerbostadshus;2017;777
Hallands län;flerbostadshus;2018;1284
Hallands län;flerbostadshus;2019;1165
Hallands län;flerbostadshus;2020;698
Hallands län;flerbostadshus;2021;1472
Hallands län;småhus;1975;1493
Hallands län;småhus;1976;1179
Hallands län;småhus;1977;1445
Hallands län;småhus;1978;1841
Hallands län;småhus;1979;1678
Hallands län;småhus;1980;1184
Hallands län;småhus;1981;1381
Hallands län;småhus;1982;1065
Hallands län;småhus;1983;987
Hallands län;småhus;1984;859
Hallands län;småhus;1985;734
Hallands län;småhus;1986;733
Hallands län;småhus;1987;741
Hallands län;småhus;1988;975
Hallands län;småhus;1989;1247
Hallands län;småhus;1990;1325
Hallands län;småhus;1991;1809
Hallands län;småhus;1992;1157
Hallands län;småhus;1993;638
Hallands län;småhus;1994;481
Hallands län;småhus;1995;180
Hallands län;småhus;1996;215
Hallands län;småhus;1997;229
Hallands län;småhus;1998;176
Hallands län;småhus;1999;279
Hallands län;småhus;2000;312
Hallands län;småhus;2001;384
Hallands län;småhus;2002;376
Hallands län;småhus;2003;595
Hallands län;småhus;2004;746
Hallands län;småhus;2005;749
Hallands län;småhus;2006;732
Hallands län;småhus;2007;723
Hallands län;småhus;2008;763
Hallands län;småhus;2009;472
Hallands län;småhus;2010;550
Hallands län;småhus;2011;474
Hallands län;småhus;2012;831
Hallands län;småhus;2013;542
Hallands län;småhus;2014;368
Hallands län;småhus;2015;476
Hallands län;småhus;2016;577
Hallands län;småhus;2017;592
Hallands län;småhus;2018;498
Hallands län;småhus;2019;464
Hallands län;småhus;2020;743
Hallands län;småhus;2021;483
Västra Götalands län;flerbostadshus;1975;4182
Västra Götalands län;flerbostadshus;1976;2009
Västra Götalands län;flerbostadshus;1977;2238
Västra Götalands län;flerbostadshus;1978;2131
Västra Götalands län;flerbostadshus;1979;1523
Västra Götalands län;flerbostadshus;1980;2476
Västra Götalands län;flerbostadshus;1981;2001
Västra Götalands län;flerbostadshus;1982;3127
Västra Götalands län;flerbostadshus;1983;2357
Västra Götalands län;flerbostadshus;1984;2660
Västra Götalands län;flerbostadshus;1985;2058
Västra Götalands län;flerbostadshus;1986;1563
Västra Götalands län;flerbostadshus;1987;1719
Västra Götalands län;flerbostadshus;1988;3385
Västra Götalands län;flerbostadshus;1989;4445
Västra Götalands län;flerbostadshus;1990;5155
Västra Götalands län;flerbostadshus;1991;5567
Västra Götalands län;flerbostadshus;1992;5354
Västra Götalands län;flerbostadshus;1993;2998
Västra Götalands län;flerbostadshus;1994;2296
Västra Götalands län;flerbostadshus;1995;1398
Västra Götalands län;flerbostadshus;1996;1306
Västra Götalands län;flerbostadshus;1997;729
Västra Götalands län;flerbostadshus;1998;758
Västra Götalands län;flerbostadshus;1999;551
Västra Götalands län;flerbostadshus;2000;753
Västra Götalands län;flerbostadshus;2001;944
Västra Götalands län;flerbostadshus;2002;1657
Västra Götalands län;flerbostadshus;2003;1635
Västra Götalands län;flerbostadshus;2004;1909
Västra Götalands län;flerbostadshus;2005;1555
Västra Götalands län;flerbostadshus;2006;2877
Västra Götalands län;flerbostadshus;2007;2096
Västra Götalands län;flerbostadshus;2008;3473
Västra Götalands län;flerbostadshus;2009;1531
Västra Götalands län;flerbostadshus;2010;2011
Västra Götalands län;flerbostadshus;2011;1509
Västra Götalands län;flerbostadshus;2012;3001
Västra Götalands län;flerbostadshus;2013;3903
Västra Götalands län;flerbostadshus;2014;3340
Västra Götalands län;flerbostadshus;2015;4017
Västra Götalands län;flerbostadshus;2016;3697
Västra Götalands län;flerbostadshus;2017;4361
Västra Götalands län;flerbostadshus;2018;5516
Västra Götalands län;flerbostadshus;2019;7855
Västra Götalands län;flerbostadshus;2020;6820
Västra Götalands län;flerbostadshus;2021;7326
Västra Götalands län;småhus;1975;7413
Västra Götalands län;småhus;1976;5959
Västra Götalands län;småhus;1977;5759
Västra Götalands län;småhus;1978;5869
Västra Götalands län;småhus;1979;6906
Västra Götalands län;småhus;1980;5522
Västra Götalands län;småhus;1981;5680
Västra Götalands län;småhus;1982;4615
Västra Götalands län;småhus;1983;3598
Västra Götalands län;småhus;1984;2973
Västra Götalands län;småhus;1985;2702
Västra Götalands län;småhus;1986;2293
Västra Götalands län;småhus;1987;2771
Västra Götalands län;småhus;1988;4162
Västra Götalands län;småhus;1989;4563
Västra Götalands län;småhus;1990;4473
Västra Götalands län;småhus;1991;5097
Västra Götalands län;småhus;1992;3902
Västra Götalands län;småhus;1993;1837
Västra Götalands län;småhus;1994;919
Västra Götalands län;småhus;1995;797
Västra Götalands län;småhus;1996;834
Västra Götalands län;småhus;1997;801
Västra Götalands län;småhus;1998;1086
Västra Götalands län;småhus;1999;1076
Västra Götalands län;småhus;2000;1369
Västra Götalands län;småhus;2001;1473
Västra Götalands län;småhus;2002;1253
Västra Götalands län;småhus;2003;1524
Västra Götalands län;småhus;2004;2333
Västra Götalands län;småhus;2005;2227
Västra Götalands län;småhus;2006;2002
Västra Götalands län;småhus;2007;2204
Västra Götalands län;småhus;2008;2023
Västra Götalands län;småhus;2009;1337
Västra Götalands län;småhus;2010;1596
Västra Götalands län;småhus;2011;1151
Västra Götalands län;småhus;2012;1779
Västra Götalands län;småhus;2013;1380
Västra Götalands län;småhus;2014;1542
Västra Götalands län;småhus;2015;1409
Västra Götalands län;småhus;2016;2041
Västra Götalands län;småhus;2017;2121
Västra Götalands län;småhus;2018;1747
Västra Götalands län;småhus;2019;2003
Västra Götalands län;småhus;2020;2185
Västra Götalands län;småhus;2021;1865
Värmlands län;flerbostadshus;1975;750
Värmlands län;flerbostadshus;1976;708
Värmlands län;flerbostadshus;1977;536
Värmlands län;flerbostadshus;1978;898
Värmlands län;flerbostadshus;1979;448
Värmlands län;flerbostadshus;1980;511
Värmlands län;flerbostadshus;1981;511
Värmlands län;flerbostadshus;1982;653
Värmlands län;flerbostadshus;1983;660
Värmlands län;flerbostadshus;1984;566
Värmlands län;flerbostadshus;1985;219
Värmlands län;flerbostadshus;1986;419
Värmlands län;flerbostadshus;1987;343
Värmlands län;flerbostadshus;1988;613
Värmlands län;flerbostadshus;1989;820
Värmlands län;flerbostadshus;1990;1486
Värmlands län;flerbostadshus;1991;1275
Värmlands län;flerbostadshus;1992;1137
Värmlands län;flerbostadshus;1993;393
Värmlands län;flerbostadshus;1994;414
Värmlands län;flerbostadshus;1995;393
Värmlands län;flerbostadshus;1996;336
Värmlands län;flerbostadshus;1997;627
Värmlands län;flerbostadshus;1998;97
Värmlands län;flerbostadshus;1999;43
Värmlands län;flerbostadshus;2000;89
Värmlands län;flerbostadshus;2001;95
Värmlands län;flerbostadshus;2002;96
Värmlands län;flerbostadshus;2003;292
Värmlands län;flerbostadshus;2004;266
Värmlands län;flerbostadshus;2005;404
Värmlands län;flerbostadshus;2006;337
Värmlands län;flerbostadshus;2007;452
Värmlands län;flerbostadshus;2008;409
Värmlands län;flerbostadshus;2009;192
Värmlands län;flerbostadshus;2010;143
Värmlands län;flerbostadshus;2011;242
Värmlands län;flerbostadshus;2012;116
Värmlands län;flerbostadshus;2013;126
Värmlands län;flerbostadshus;2014;123
Värmlands län;flerbostadshus;2015;530
Värmlands län;flerbostadshus;2016;648
Värmlands län;flerbostadshus;2017;535
Värmlands län;flerbostadshus;2018;1208
Värmlands län;flerbostadshus;2019;400
Värmlands län;flerbostadshus;2020;834
Värmlands län;flerbostadshus;2021;366
Värmlands län;småhus;1975;1758
Värmlands län;småhus;1976;1696
Värmlands län;småhus;1977;1542
Värmlands län;småhus;1978;1527
Värmlands län;småhus;1979;1550
Värmlands län;småhus;1980;1158
Värmlands län;småhus;1981;1017
Värmlands län;småhus;1982;924
Värmlands län;småhus;1983;568
Värmlands län;småhus;1984;417
Värmlands län;småhus;1985;571
Värmlands län;småhus;1986;345
Värmlands län;småhus;1987;419
Värmlands län;småhus;1988;612
Värmlands län;småhus;1989;587
Värmlands län;småhus;1990;867
Värmlands län;småhus;1991;807
Värmlands län;småhus;1992;488
Värmlands län;småhus;1993;65
Värmlands län;småhus;1994;68
Värmlands län;småhus;1995;75
Värmlands län;småhus;1996;46
Värmlands län;småhus;1997;29
Värmlands län;småhus;1998;42
Värmlands län;småhus;1999;77
Värmlands län;småhus;2000;86
Värmlands län;småhus;2001;111
Värmlands län;småhus;2002;91
Värmlands län;småhus;2003;56
Värmlands län;småhus;2004;167
Värmlands län;småhus;2005;184
Värmlands län;småhus;2006;191
Värmlands län;småhus;2007;247
Värmlands län;småhus;2008;174
Värmlands län;småhus;2009;205
Värmlands län;småhus;2010;197
Värmlands län;småhus;2011;119
Värmlands län;småhus;2012;159
Värmlands län;småhus;2013;118
Värmlands län;småhus;2014;142
Värmlands län;småhus;2015;205
Värmlands län;småhus;2016;190
Värmlands län;småhus;2017;256
Värmlands län;småhus;2018;276
Värmlands län;småhus;2019;244
Värmlands län;småhus;2020;168
Värmlands län;småhus;2021;174
Örebro län;flerbostadshus;1975;832
Örebro län;flerbostadshus;1976;265
Örebro län;flerbostadshus;1977;155
Örebro län;flerbostadshus;1978;95
Örebro län;flerbostadshus;1979;401
Örebro län;flerbostadshus;1980;423
Örebro län;flerbostadshus;1981;596
Örebro län;flerbostadshus;1982;718
Örebro län;flerbostadshus;1983;580
Örebro län;flerbostadshus;1984;680
Örebro län;flerbostadshus;1985;200
Örebro län;flerbostadshus;1986;513
Örebro län;flerbostadshus;1987;247
Örebro län;flerbostadshus;1988;364
Örebro län;flerbostadshus;1989;626
Örebro län;flerbostadshus;1990;825
Örebro län;flerbostadshus;1991;1240
Örebro län;flerbostadshus;1992;1520
Örebro län;flerbostadshus;1993;353
Örebro län;flerbostadshus;1994;528
Örebro län;flerbostadshus;1995;30
Örebro län;flerbostadshus;1996;374
Örebro län;flerbostadshus;1997;320
Örebro län;flerbostadshus;1998;139
Örebro län;flerbostadshus;1999;317
Örebro län;flerbostadshus;2000;241
Örebro län;flerbostadshus;2001;147
Örebro län;flerbostadshus;2002;202
Örebro län;flerbostadshus;2003;75
Örebro län;flerbostadshus;2004;334
Örebro län;flerbostadshus;2005;194
Örebro län;flerbostadshus;2006;396
Örebro län;flerbostadshus;2007;325
Örebro län;flerbostadshus;2008;547
Örebro län;flerbostadshus;2009;408
Örebro län;flerbostadshus;2010;171
Örebro län;flerbostadshus;2011;358
Örebro län;flerbostadshus;2012;1033
Örebro län;flerbostadshus;2013;201
Örebro län;flerbostadshus;2014;824
Örebro län;flerbostadshus;2015;622
Örebro län;flerbostadshus;2016;1925
Örebro län;flerbostadshus;2017;1827
Örebro län;flerbostadshus;2018;1740
Örebro län;flerbostadshus;2019;890
Örebro län;flerbostadshus;2020;832
Örebro län;flerbostadshus;2021;896
Örebro län;småhus;1975;1441
Örebro län;småhus;1976;1238
Örebro län;småhus;1977;1209
Örebro län;småhus;1978;1430
Örebro län;småhus;1979;1366
Örebro län;småhus;1980;1103
Örebro län;småhus;1981;1055
Örebro län;småhus;1982;744
Örebro län;småhus;1983;647
Örebro län;småhus;1984;354
Örebro län;småhus;1985;299
Örebro län;småhus;1986;266
Örebro län;småhus;1987;273
Örebro län;småhus;1988;469
Örebro län;småhus;1989;514
Örebro län;småhus;1990;674
Örebro län;småhus;1991;823
Örebro län;småhus;1992;645
Örebro län;småhus;1993;168
Örebro län;småhus;1994;142
Örebro län;småhus;1995;68
Örebro län;småhus;1996;70
Örebro län;småhus;1997;28
Örebro län;småhus;1998;45
Örebro län;småhus;1999;93
Örebro län;småhus;2000;38
Örebro län;småhus;2001;178
Örebro län;småhus;2002;212
Örebro län;småhus;2003;111
Örebro län;småhus;2004;233
Örebro län;småhus;2005;260
Örebro län;småhus;2006;225
Örebro län;småhus;2007;235
Örebro län;småhus;2008;337
Örebro län;småhus;2009;214
Örebro län;småhus;2010;124
Örebro län;småhus;2011;174
Örebro län;småhus;2012;236
Örebro län;småhus;2013;222
Örebro län;småhus;2014;376
Örebro län;småhus;2015;430
Örebro län;småhus;2016;567
Örebro län;småhus;2017;541
Örebro län;småhus;2018;411
Örebro län;småhus;2019;379
Örebro län;småhus;2020;339
Örebro län;småhus;2021;329
Västmanlands län;flerbostadshus;1975;147
Västmanlands län;flerbostadshus;1976;124
Västmanlands län;flerbostadshus;1977;120
Västmanlands län;flerbostadshus;1978;315
Västmanlands län;flerbostadshus;1979;584
Västmanlands län;flerbostadshus;1980;295
Västmanlands län;flerbostadshus;1981;416
Västmanlands län;flerbostadshus;1982;356
Västmanlands län;flerbostadshus;1983;330
Västmanlands län;flerbostadshus;1984;329
Västmanlands län;flerbostadshus;1985;405
Västmanlands län;flerbostadshus;1986;164
Västmanlands län;flerbostadshus;1987;191
Västmanlands län;flerbostadshus;1988;147
Västmanlands län;flerbostadshus;1989;587
Västmanlands län;flerbostadshus;1990;1041
Västmanlands län;flerbostadshus;1991;979
Västmanlands län;flerbostadshus;1992;682
Västmanlands län;flerbostadshus;1993;478
Västmanlands län;flerbostadshus;1994;635
Västmanlands län;flerbostadshus;1995;140
Västmanlands län;flerbostadshus;1996;26
Västmanlands län;flerbostadshus;1997;87
Västmanlands län;flerbostadshus;1998;367
Västmanlands län;flerbostadshus;1999;222
Västmanlands län;flerbostadshus;2000;291
Västmanlands län;flerbostadshus;2001;244
Västmanlands län;flerbostadshus;2002;427
Västmanlands län;flerbostadshus;2003;425
Västmanlands län;flerbostadshus;2004;521
Västmanlands län;flerbostadshus;2005;262
Västmanlands län;flerbostadshus;2006;245
Västmanlands län;flerbostadshus;2007;237
Västmanlands län;flerbostadshus;2008;141
Västmanlands län;flerbostadshus;2009;210
Västmanlands län;flerbostadshus;2010;78
Västmanlands län;flerbostadshus;2011;87
Västmanlands län;flerbostadshus;2012;854
Västmanlands län;flerbostadshus;2013;504
Västmanlands län;flerbostadshus;2014;499
Västmanlands län;flerbostadshus;2015;437
Västmanlands län;flerbostadshus;2016;698
Västmanlands län;flerbostadshus;2017;820
Västmanlands län;flerbostadshus;2018;974
Västmanlands län;flerbostadshus;2019;991
Västmanlands län;flerbostadshus;2020;937
Västmanlands län;flerbostadshus;2021;867
Västmanlands län;småhus;1975;1263
Västmanlands län;småhus;1976;1215
Västmanlands län;småhus;1977;1658
Västmanlands län;småhus;1978;1450
Västmanlands län;småhus;1979;1208
Västmanlands län;småhus;1980;1151
Västmanlands län;småhus;1981;1057
Västmanlands län;småhus;1982;1027
Västmanlands län;småhus;1983;505
Västmanlands län;småhus;1984;440
Västmanlands län;småhus;1985;409
Västmanlands län;småhus;1986;455
Västmanlands län;småhus;1987;443
Västmanlands län;småhus;1988;500
Västmanlands län;småhus;1989;651
Västmanlands län;småhus;1990;783
Västmanlands län;småhus;1991;753
Västmanlands län;småhus;1992;483
Västmanlands län;småhus;1993;330
Västmanlands län;småhus;1994;197
Västmanlands län;småhus;1995;66
Västmanlands län;småhus;1996;33
Västmanlands län;småhus;1997;134
Västmanlands län;småhus;1998;59
Västmanlands län;småhus;1999;99
Västmanlands län;småhus;2000;81
Västmanlands län;småhus;2001;70
Västmanlands län;småhus;2002;272
Västmanlands län;småhus;2003;203
Västmanlands län;småhus;2004;130
Västmanlands län;småhus;2005;233
Västmanlands län;småhus;2006;250
Västmanlands län;småhus;2007;268
Västmanlands län;småhus;2008;260
Västmanlands län;småhus;2009;142
Västmanlands län;småhus;2010;180
Västmanlands län;småhus;2011;82
Västmanlands län;småhus;2012;160
Västmanlands län;småhus;2013;165
Västmanlands län;småhus;2014;127
Västmanlands län;småhus;2015;147
Västmanlands län;småhus;2016;260
Västmanlands län;småhus;2017;284
Västmanlands län;småhus;2018;430
Västmanlands län;småhus;2019;242
Västmanlands län;småhus;2020;375
Västmanlands län;småhus;2021;277
Dalarnas län;flerbostadshus;1975;693
Dalarnas län;flerbostadshus;1976;755
Dalarnas län;flerbostadshus;1977;766
Dalarnas län;flerbostadshus;1978;722
Dalarnas län;flerbostadshus;1979;657
Dalarnas län;flerbostadshus;1980;649
Dalarnas län;flerbostadshus;1981;302
Dalarnas län;flerbostadshus;1982;196
Dalarnas län;flerbostadshus;1983;282
Dalarnas län;flerbostadshus;1984;176
Dalarnas län;flerbostadshus;1985;245
Dalarnas län;flerbostadshus;1986;340
Dalarnas län;flerbostadshus;1987;286
Dalarnas län;flerbostadshus;1988;355
Dalarnas län;flerbostadshus;1989;1048
Dalarnas län;flerbostadshus;1990;1348
Dalarnas län;flerbostadshus;1991;1668
Dalarnas län;flerbostadshus;1992;1542
Dalarnas län;flerbostadshus;1993;481
Dalarnas län;flerbostadshus;1994;279
Dalarnas län;flerbostadshus;1995;144
Dalarnas län;flerbostadshus;1996;143
Dalarnas län;flerbostadshus;1997;63
Dalarnas län;flerbostadshus;1998;42
Dalarnas län;flerbostadshus;1999;41
Dalarnas län;flerbostadshus;2000;18
Dalarnas län;flerbostadshus;2001;8
Dalarnas län;flerbostadshus;2002;0
Dalarnas län;flerbostadshus;2003;68
Dalarnas län;flerbostadshus;2004;44
Dalarnas län;flerbostadshus;2005;165
Dalarnas län;flerbostadshus;2006;67
Dalarnas län;flerbostadshus;2007;78
Dalarnas län;flerbostadshus;2008;182
Dalarnas län;flerbostadshus;2009;11
Dalarnas län;flerbostadshus;2010;39
Dalarnas län;flerbostadshus;2011;45
Dalarnas län;flerbostadshus;2012;192
Dalarnas län;flerbostadshus;2013;235
Dalarnas län;flerbostadshus;2014;195
Dalarnas län;flerbostadshus;2015;213
Dalarnas län;flerbostadshus;2016;85
Dalarnas län;flerbostadshus;2017;382
Dalarnas län;flerbostadshus;2018;248
Dalarnas län;flerbostadshus;2019;450
Dalarnas län;flerbostadshus;2020;393
Dalarnas län;flerbostadshus;2021;240
Dalarnas län;småhus;1975;1897
Dalarnas län;småhus;1976;1792
Dalarnas län;småhus;1977;1781
Dalarnas län;småhus;1978;1788
Dalarnas län;småhus;1979;1895
Dalarnas län;småhus;1980;1904
Dalarnas län;småhus;1981;1536
Dalarnas län;småhus;1982;1087
Dalarnas län;småhus;1983;801
Dalarnas län;småhus;1984;711
Dalarnas län;småhus;1985;584
Dalarnas län;småhus;1986;358
Dalarnas län;småhus;1987;338
Dalarnas län;småhus;1988;555
Dalarnas län;småhus;1989;772
Dalarnas län;småhus;1990;754
Dalarnas län;småhus;1991;985
Dalarnas län;småhus;1992;699
Dalarnas län;småhus;1993;187
Dalarnas län;småhus;1994;60
Dalarnas län;småhus;1995;60
Dalarnas län;småhus;1996;50
Dalarnas län;småhus;1997;47
Dalarnas län;småhus;1998;56
Dalarnas län;småhus;1999;54
Dalarnas län;småhus;2000;41
Dalarnas län;småhus;2001;74
Dalarnas län;småhus;2002;57
Dalarnas län;småhus;2003;96
Dalarnas län;småhus;2004;125
Dalarnas län;småhus;2005;173
Dalarnas län;småhus;2006;181
Dalarnas län;småhus;2007;230
Dalarnas län;småhus;2008;285
Dalarnas län;småhus;2009;250
Dalarnas län;småhus;2010;156
Dalarnas län;småhus;2011;116
Dalarnas län;småhus;2012;176
Dalarnas län;småhus;2013;191
Dalarnas län;småhus;2014;92
Dalarnas län;småhus;2015;129
Dalarnas län;småhus;2016;194
Dalarnas län;småhus;2017;213
Dalarnas län;småhus;2018;230
Dalarnas län;småhus;2019;215
Dalarnas län;småhus;2020;243
Dalarnas län;småhus;2021;196
Gävleborgs län;flerbostadshus;1975;997
Gävleborgs län;flerbostadshus;1976;712
Gävleborgs län;flerbostadshus;1977;616
Gävleborgs län;flerbostadshus;1978;784
Gävleborgs län;flerbostadshus;1979;553
Gävleborgs län;flerbostadshus;1980;632
Gävleborgs län;flerbostadshus;1981;539
Gävleborgs län;flerbostadshus;1982;648
Gävleborgs län;flerbostadshus;1983;285
Gävleborgs län;flerbostadshus;1984;392
Gävleborgs län;flerbostadshus;1985;363
Gävleborgs län;flerbostadshus;1986;348
Gävleborgs län;flerbostadshus;1987;503
Gävleborgs län;flerbostadshus;1988;1187
Gävleborgs län;flerbostadshus;1989;581
Gävleborgs län;flerbostadshus;1990;1039
Gävleborgs län;flerbostadshus;1991;1315
Gävleborgs län;flerbostadshus;1992;896
Gävleborgs län;flerbostadshus;1993;530
Gävleborgs län;flerbostadshus;1994;524
Gävleborgs län;flerbostadshus;1995;82
Gävleborgs län;flerbostadshus;1996;5
Gävleborgs län;flerbostadshus;1997;12
Gävleborgs län;flerbostadshus;1998;79
Gävleborgs län;flerbostadshus;1999;230
Gävleborgs län;flerbostadshus;2000;59
Gävleborgs län;flerbostadshus;2001;0
Gävleborgs län;flerbostadshus;2002;86
Gävleborgs län;flerbostadshus;2003;107
Gävleborgs län;flerbostadshus;2004;0
Gävleborgs län;flerbostadshus;2005;44
Gävleborgs län;flerbostadshus;2006;59
Gävleborgs län;flerbostadshus;2007;40
Gävleborgs län;flerbostadshus;2008;320
Gävleborgs län;flerbostadshus;2009;145
Gävleborgs län;flerbostadshus;2010;79
Gävleborgs län;flerbostadshus;2011;55
Gävleborgs län;flerbostadshus;2012;67
Gävleborgs län;flerbostadshus;2013;164
Gävleborgs län;flerbostadshus;2014;128
Gävleborgs län;flerbostadshus;2015;418
Gävleborgs län;flerbostadshus;2016;440
Gävleborgs län;flerbostadshus;2017;531
Gävleborgs län;flerbostadshus;2018;627
Gävleborgs län;flerbostadshus;2019;673
Gävleborgs län;flerbostadshus;2020;368
Gävleborgs län;flerbostadshus;2021;568
Gävleborgs län;småhus;1975;1560
Gävleborgs län;småhus;1976;1276
Gävleborgs län;småhus;1977;1688
Gävleborgs län;småhus;1978;1491
Gävleborgs län;småhus;1979;1385
Gävleborgs län;småhus;1980;1608
Gävleborgs län;småhus;1981;1662
Gävleborgs län;småhus;1982;1073
Gävleborgs län;småhus;1983;894
Gävleborgs län;småhus;1984;698
Gävleborgs län;småhus;1985;471
Gävleborgs län;småhus;1986;271
Gävleborgs län;småhus;1987;475
Gävleborgs län;småhus;1988;475
Gävleborgs län;småhus;1989;537
Gävleborgs län;småhus;1990;413
Gävleborgs län;småhus;1991;647
Gävleborgs län;småhus;1992;378
Gävleborgs län;småhus;1993;140
Gävleborgs län;småhus;1994;45
Gävleborgs län;småhus;1995;34
Gävleborgs län;småhus;1996;34
Gävleborgs län;småhus;1997;27
Gävleborgs län;småhus;1998;34
Gävleborgs län;småhus;1999;39
Gävleborgs län;småhus;2000;33
Gävleborgs län;småhus;2001;106
Gävleborgs län;småhus;2002;99
Gävleborgs län;småhus;2003;83
Gävleborgs län;småhus;2004;131
Gävleborgs län;småhus;2005;90
Gävleborgs län;småhus;2006;121
Gävleborgs län;småhus;2007;194
Gävleborgs län;småhus;2008;218
Gävleborgs län;småhus;2009;164
Gävleborgs län;småhus;2010;121
Gävleborgs län;småhus;2011;104
Gävleborgs län;småhus;2012;93
Gävleborgs län;småhus;2013;148
Gävleborgs län;småhus;2014;76
Gävleborgs län;småhus;2015;101
Gävleborgs län;småhus;2016;127
Gävleborgs län;småhus;2017;108
Gävleborgs län;småhus;2018;189
Gävleborgs län;småhus;2019;139
Gävleborgs län;småhus;2020;187
Gävleborgs län;småhus;2021;185
Västernorrlands län;flerbostadshus;1975;802
Västernorrlands län;flerbostadshus;1976;324
Västernorrlands län;flerbostadshus;1977;554
Västernorrlands län;flerbostadshus;1978;584
Västernorrlands län;flerbostadshus;1979;1071
Västernorrlands län;flerbostadshus;1980;598
Västernorrlands län;flerbostadshus;1981;1222
Västernorrlands län;flerbostadshus;1982;371
Västernorrlands län;flerbostadshus;1983;398
Västernorrlands län;flerbostadshus;1984;656
Västernorrlands län;flerbostadshus;1985;156
Västernorrlands län;flerbostadshus;1986;151
Västernorrlands län;flerbostadshus;1987;247
Västernorrlands län;flerbostadshus;1988;583
Västernorrlands län;flerbostadshus;1989;653
Västernorrlands län;flerbostadshus;1990;987
Västernorrlands län;flerbostadshus;1991;1286
Västernorrlands län;flerbostadshus;1992;1546
Västernorrlands län;flerbostadshus;1993;578
Västernorrlands län;flerbostadshus;1994;149
Västernorrlands län;flerbostadshus;1995;30
Västernorrlands län;flerbostadshus;1996;54
Västernorrlands län;flerbostadshus;1997;121
Västernorrlands län;flerbostadshus;1998;57
Västernorrlands län;flerbostadshus;1999;14
Västernorrlands län;flerbostadshus;2000;4
Västernorrlands län;flerbostadshus;2001;51
Västernorrlands län;flerbostadshus;2002;94
Västernorrlands län;flerbostadshus;2003;39
Västernorrlands län;flerbostadshus;2004;89
Västernorrlands län;flerbostadshus;2005;92
Västernorrlands län;flerbostadshus;2006;92
Västernorrlands län;flerbostadshus;2007;40
Västernorrlands län;flerbostadshus;2008;67
Västernorrlands län;flerbostadshus;2009;53
Västernorrlands län;flerbostadshus;2010;40
Västernorrlands län;flerbostadshus;2011;9
Västernorrlands län;flerbostadshus;2012;157
Västernorrlands län;flerbostadshus;2013;51
Västernorrlands län;flerbostadshus;2014;0
Västernorrlands län;flerbostadshus;2015;65
Västernorrlands län;flerbostadshus;2016;294
Västernorrlands län;flerbostadshus;2017;107
Västernorrlands län;flerbostadshus;2018;182
Västernorrlands län;flerbostadshus;2019;499
Västernorrlands län;flerbostadshus;2020;121
Västernorrlands län;flerbostadshus;2021;219
Västernorrlands län;småhus;1975;1087
Västernorrlands län;småhus;1976;1013
Västernorrlands län;småhus;1977;1258
Västernorrlands län;småhus;1978;1376
Västernorrlands län;småhus;1979;1094
Västernorrlands län;småhus;1980;1120
Västernorrlands län;småhus;1981;1274
Västernorrlands län;småhus;1982;767
Västernorrlands län;småhus;1983;629
Västernorrlands län;småhus;1984;380
Västernorrlands län;småhus;1985;371
Västernorrlands län;småhus;1986;369
Västernorrlands län;småhus;1987;362
Västernorrlands län;småhus;1988;457
Västernorrlands län;småhus;1989;412
Västernorrlands län;småhus;1990;580
Västernorrlands län;småhus;1991;511
Västernorrlands län;småhus;1992;314
Västernorrlands län;småhus;1993;117
Västernorrlands län;småhus;1994;54
Västernorrlands län;småhus;1995;56
Västernorrlands län;småhus;1996;49
Västernorrlands län;småhus;1997;58
Västernorrlands län;småhus;1998;28
Västernorrlands län;småhus;1999;30
Västernorrlands län;småhus;2000;20
Västernorrlands län;småhus;2001;36
Västernorrlands län;småhus;2002;38
Västernorrlands län;småhus;2003;78
Västernorrlands län;småhus;2004;116
Västernorrlands län;småhus;2005;83
Västernorrlands län;småhus;2006;81
Västernorrlands län;småhus;2007;77
Västernorrlands län;småhus;2008;131
Västernorrlands län;småhus;2009;89
Västernorrlands län;småhus;2010;131
Västernorrlands län;småhus;2011;36
Västernorrlands län;småhus;2012;157
Västernorrlands län;småhus;2013;86
Västernorrlands län;småhus;2014;86
Västernorrlands län;småhus;2015;91
Västernorrlands län;småhus;2016;136
Västernorrlands län;småhus;2017;122
Västernorrlands län;småhus;2018;107
Västernorrlands län;småhus;2019;87
Västernorrlands län;småhus;2020;105
Västernorrlands län;småhus;2021;64
Jämtlands län;flerbostadshus;1975;498
Jämtlands län;flerbostadshus;1976;544
Jämtlands län;flerbostadshus;1977;525
Jämtlands län;flerbostadshus;1978;572
Jämtlands län;flerbostadshus;1979;279
Jämtlands län;flerbostadshus;1980;462
Jämtlands län;flerbostadshus;1981;286
Jämtlands län;flerbostadshus;1982;525
Jämtlands län;flerbostadshus;1983;516
Jämtlands län;flerbostadshus;1984;223
Jämtlands län;flerbostadshus;1985;321
Jämtlands län;flerbostadshus;1986;215
Jämtlands län;flerbostadshus;1987;358
Jämtlands län;flerbostadshus;1988;441
Jämtlands län;flerbostadshus;1989;569
Jämtlands län;flerbostadshus;1990;792
Jämtlands län;flerbostadshus;1991;1145
Jämtlands län;flerbostadshus;1992;712
Jämtlands län;flerbostadshus;1993;492
Jämtlands län;flerbostadshus;1994;128
Jämtlands län;flerbostadshus;1995;244
Jämtlands län;flerbostadshus;1996;57
Jämtlands län;flerbostadshus;1997;78
Jämtlands län;flerbostadshus;1998;29
Jämtlands län;flerbostadshus;1999;93
Jämtlands län;flerbostadshus;2000;38
Jämtlands län;flerbostadshus;2001;0
Jämtlands län;flerbostadshus;2002;36
Jämtlands län;flerbostadshus;2003;11
Jämtlands län;flerbostadshus;2004;140
Jämtlands län;flerbostadshus;2005;38
Jämtlands län;flerbostadshus;2006;40
Jämtlands län;flerbostadshus;2007;22
Jämtlands län;flerbostadshus;2008;105
Jämtlands län;flerbostadshus;2009;118
Jämtlands län;flerbostadshus;2010;90
Jämtlands län;flerbostadshus;2011;177
Jämtlands län;flerbostadshus;2012;44
Jämtlands län;flerbostadshus;2013;71
Jämtlands län;flerbostadshus;2014;109
Jämtlands län;flerbostadshus;2015;82
Jämtlands län;flerbostadshus;2016;311
Jämtlands län;flerbostadshus;2017;322
Jämtlands län;flerbostadshus;2018;342
Jämtlands län;flerbostadshus;2019;503
Jämtlands län;flerbostadshus;2020;335
Jämtlands län;flerbostadshus;2021;140
Jämtlands län;småhus;1975;619
Jämtlands län;småhus;1976;645
Jämtlands län;småhus;1977;681
Jämtlands län;småhus;1978;637
Jämtlands län;småhus;1979;647
Jämtlands län;småhus;1980;610
Jämtlands län;småhus;1981;623
Jämtlands län;småhus;1982;657
Jämtlands län;småhus;1983;653
Jämtlands län;småhus;1984;316
Jämtlands län;småhus;1985;314
Jämtlands län;småhus;1986;172
Jämtlands län;småhus;1987;215
Jämtlands län;småhus;1988;234
Jämtlands län;småhus;1989;317
Jämtlands län;småhus;1990;295
Jämtlands län;småhus;1991;438
Jämtlands län;småhus;1992;310
Jämtlands län;småhus;1993;64
Jämtlands län;småhus;1994;26
Jämtlands län;småhus;1995;30
Jämtlands län;småhus;1996;22
Jämtlands län;småhus;1997;23
Jämtlands län;småhus;1998;32
Jämtlands län;småhus;1999;18
Jämtlands län;småhus;2000;32
Jämtlands län;småhus;2001;28
Jämtlands län;småhus;2002;46
Jämtlands län;småhus;2003;54
Jämtlands län;småhus;2004;70
Jämtlands län;småhus;2005;90
Jämtlands län;småhus;2006;71
Jämtlands län;småhus;2007;103
Jämtlands län;småhus;2008;136
Jämtlands län;småhus;2009;142
Jämtlands län;småhus;2010;125
Jämtlands län;småhus;2011;117
Jämtlands län;småhus;2012;154
Jämtlands län;småhus;2013;111
Jämtlands län;småhus;2014;124
Jämtlands län;småhus;2015;119
Jämtlands län;småhus;2016;169
Jämtlands län;småhus;2017;162
Jämtlands län;småhus;2018;216
Jämtlands län;småhus;2019;130
Jämtlands län;småhus;2020;185
Jämtlands län;småhus;2021;96
Västerbottens län;flerbostadshus;1975;390
Västerbottens län;flerbostadshus;1976;793
Västerbottens län;flerbostadshus;1977;552
Västerbottens län;flerbostadshus;1978;641
Västerbottens län;flerbostadshus;1979;1213
Västerbottens län;flerbostadshus;1980;810
Västerbottens län;flerbostadshus;1981;820
Västerbottens län;flerbostadshus;1982;768
Västerbottens län;flerbostadshus;1983;654
Västerbottens län;flerbostadshus;1984;541
Västerbottens län;flerbostadshus;1985;532
Västerbottens län;flerbostadshus;1986;728
Västerbottens län;flerbostadshus;1987;772
Västerbottens län;flerbostadshus;1988;1095
Västerbottens län;flerbostadshus;1989;1214
Västerbottens län;flerbostadshus;1990;1647
Västerbottens län;flerbostadshus;1991;2595
Västerbottens län;flerbostadshus;1992;2506
Västerbottens län;flerbostadshus;1993;1214
Västerbottens län;flerbostadshus;1994;760
Västerbottens län;flerbostadshus;1995;738
Västerbottens län;flerbostadshus;1996;797
Västerbottens län;flerbostadshus;1997;886
Västerbottens län;flerbostadshus;1998;395
Västerbottens län;flerbostadshus;1999;176
Västerbottens län;flerbostadshus;2000;106
Västerbottens län;flerbostadshus;2001;307
Västerbottens län;flerbostadshus;2002;481
Västerbottens län;flerbostadshus;2003;211
Västerbottens län;flerbostadshus;2004;881
Västerbottens län;flerbostadshus;2005;618
Västerbottens län;flerbostadshus;2006;511
Västerbottens län;flerbostadshus;2007;569
Västerbottens län;flerbostadshus;2008;817
Västerbottens län;flerbostadshus;2009;239
Västerbottens län;flerbostadshus;2010;377
Västerbottens län;flerbostadshus;2011;224
Västerbottens län;flerbostadshus;2012;377
Västerbottens län;flerbostadshus;2013;451
Västerbottens län;flerbostadshus;2014;537
Västerbottens län;flerbostadshus;2015;1011
Västerbottens län;flerbostadshus;2016;1197
Västerbottens län;flerbostadshus;2017;943
Västerbottens län;flerbostadshus;2018;1386
Västerbottens län;flerbostadshus;2019;1017
Västerbottens län;flerbostadshus;2020;449
Västerbottens län;flerbostadshus;2021;719
Västerbottens län;småhus;1975;1699
Västerbottens län;småhus;1976;1303
Västerbottens län;småhus;1977;1535
Västerbottens län;småhus;1978;1680
Västerbottens län;småhus;1979;1766
Västerbottens län;småhus;1980;1402
Västerbottens län;småhus;1981;1258
Västerbottens län;småhus;1982;1113
Västerbottens län;småhus;1983;663
Västerbottens län;småhus;1984;447
Västerbottens län;småhus;1985;537
Västerbottens län;småhus;1986;488
Västerbottens län;småhus;1987;560
Västerbottens län;småhus;1988;677
Västerbottens län;småhus;1989;479
Västerbottens län;småhus;1990;635
Västerbottens län;småhus;1991;832
Västerbottens län;småhus;1992;443
Västerbottens län;småhus;1993;180
Västerbottens län;småhus;1994;113
Västerbottens län;småhus;1995;75
Västerbottens län;småhus;1996;70
Västerbottens län;småhus;1997;85
Västerbottens län;småhus;1998;80
Västerbottens län;småhus;1999;95
Västerbottens län;småhus;2000;113
Västerbottens län;småhus;2001;133
Västerbottens län;småhus;2002;165
Västerbottens län;småhus;2003;125
Västerbottens län;småhus;2004;187
Västerbottens län;småhus;2005;231
Västerbottens län;småhus;2006;254
Västerbottens län;småhus;2007;256
Västerbottens län;småhus;2008;235
Västerbottens län;småhus;2009;197
Västerbottens län;småhus;2010;155
Västerbottens län;småhus;2011;173
Västerbottens län;småhus;2012;181
Västerbottens län;småhus;2013;237
Västerbottens län;småhus;2014;133
Västerbottens län;småhus;2015;248
Västerbottens län;småhus;2016;341
Västerbottens län;småhus;2017;242
Västerbottens län;småhus;2018;187
Västerbottens län;småhus;2019;188
Västerbottens län;småhus;2020;184
Västerbottens län;småhus;2021;194
Norrbottens län;flerbostadshus;1975;1659
Norrbottens län;flerbostadshus;1976;1372
Norrbottens län;flerbostadshus;1977;1337
Norrbottens län;flerbostadshus;1978;941
Norrbottens län;flerbostadshus;1979;555
Norrbottens län;flerbostadshus;1980;523
Norrbottens län;flerbostadshus;1981;400
Norrbottens län;flerbostadshus;1982;291
Norrbottens län;flerbostadshus;1983;188
Norrbottens län;flerbostadshus;1984;366
Norrbottens län;flerbostadshus;1985;547
Norrbottens län;flerbostadshus;1986;626
Norrbottens län;flerbostadshus;1987;1166
Norrbottens län;flerbostadshus;1988;1409
Norrbottens län;flerbostadshus;1989;1061
Norrbottens län;flerbostadshus;1990;1693
Norrbottens län;flerbostadshus;1991;1750
Norrbottens län;flerbostadshus;1992;1778
Norrbottens län;flerbostadshus;1993;1298
Norrbottens län;flerbostadshus;1994;463
Norrbottens län;flerbostadshus;1995;152
Norrbottens län;flerbostadshus;1996;232
Norrbottens län;flerbostadshus;1997;311
Norrbottens län;flerbostadshus;1998;71
Norrbottens län;flerbostadshus;1999;24
Norrbottens län;flerbostadshus;2000;341
Norrbottens län;flerbostadshus;2001;7
Norrbottens län;flerbostadshus;2002;112
Norrbottens län;flerbostadshus;2003;107
Norrbottens län;flerbostadshus;2004;221
Norrbottens län;flerbostadshus;2005;74
Norrbottens län;flerbostadshus;2006;275
Norrbottens län;flerbostadshus;2007;420
Norrbottens län;flerbostadshus;2008;357
Norrbottens län;flerbostadshus;2009;40
Norrbottens län;flerbostadshus;2010;43
Norrbottens län;flerbostadshus;2011;53
Norrbottens län;flerbostadshus;2012;316
Norrbottens län;flerbostadshus;2013;187
Norrbottens län;flerbostadshus;2014;804
Norrbottens län;flerbostadshus;2015;117
Norrbottens län;flerbostadshus;2016;558
Norrbottens län;flerbostadshus;2017;642
Norrbottens län;flerbostadshus;2018;767
Norrbottens län;flerbostadshus;2019;1270
Norrbottens län;flerbostadshus;2020;672
Norrbottens län;flerbostadshus;2021;1011
Norrbottens län;småhus;1975;2320
Norrbottens län;småhus;1976;2530
Norrbottens län;småhus;1977;2319
Norrbottens län;småhus;1978;1952
Norrbottens län;småhus;1979;1355
Norrbottens län;småhus;1980;1245
Norrbottens län;småhus;1981;962
Norrbottens län;småhus;1982;798
Norrbottens län;småhus;1983;586
Norrbottens län;småhus;1984;670
Norrbottens län;småhus;1985;599
Norrbottens län;småhus;1986;638
Norrbottens län;småhus;1987;536
Norrbottens län;småhus;1988;629
Norrbottens län;småhus;1989;690
Norrbottens län;småhus;1990;666
Norrbottens län;småhus;1991;862
Norrbottens län;småhus;1992;545
Norrbottens län;småhus;1993;429
Norrbottens län;småhus;1994;135
Norrbottens län;småhus;1995;117
Norrbottens län;småhus;1996;55
Norrbottens län;småhus;1997;65
Norrbottens län;småhus;1998;45
Norrbottens län;småhus;1999;40
Norrbottens län;småhus;2000;70
Norrbottens län;småhus;2001;103
Norrbottens län;småhus;2002;71
Norrbottens län;småhus;2003;127
Norrbottens län;småhus;2004;112
Norrbottens län;småhus;2005;101
Norrbottens län;småhus;2006;171
Norrbottens län;småhus;2007;195
Norrbottens län;småhus;2008;86
Norrbottens län;småhus;2009;72
Norrbottens län;småhus;2010;132
Norrbottens län;småhus;2011;83
Norrbottens län;småhus;2012;150
Norrbottens län;småhus;2013;130
Norrbottens län;småhus;2014;162
Norrbottens län;småhus;2015;232
Norrbottens län;småhus;2016;216
Norrbottens län;småhus;2017;235
Norrbottens län;småhus;2018;205
Norrbottens län;småhus;2019;196
Norrbottens län;småhus;2020;219
Norrbottens län;småhus;2021;187