region;distance;stock;year;amount
Stockholms län;400;samtliga bostäder;2014;913182
Stockholms län;400;samtliga bostäder;2015;925629
Stockholms län;400;samtliga bostäder;2016;938105
Stockholms län;400;samtliga bostäder;2017;955650
Stockholms län;400;samtliga bostäder;2018;979075
Stockholms län;400;samtliga bostäder;2019;995945
Stockholms län;400;samtliga bostäder;2020;1005803
Stockholms län;400;nytillkomna bostäder;2014;8662
Stockholms län;400;nytillkomna bostäder;2015;11733
Stockholms län;400;nytillkomna bostäder;2016;12155
Stockholms län;400;nytillkomna bostäder;2017;13059
Stockholms län;400;nytillkomna bostäder;2018;14355
Stockholms län;400;nytillkomna bostäder;2019;14210
Stockholms län;400;nytillkomna bostäder;2020;11227
Stockholms län;500;samtliga bostäder;2014;951652
Stockholms län;500;samtliga bostäder;2015;963871
Stockholms län;500;samtliga bostäder;2016;977020
Stockholms län;500;samtliga bostäder;2017;995829
Stockholms län;500;samtliga bostäder;2018;1019942
Stockholms län;500;samtliga bostäder;2019;1037293
Stockholms län;500;samtliga bostäder;2020;1047953
Stockholms län;500;nytillkomna bostäder;2014;9100
Stockholms län;500;nytillkomna bostäder;2015;12085
Stockholms län;500;nytillkomna bostäder;2016;13000
Stockholms län;500;nytillkomna bostäder;2017;13696
Stockholms län;500;nytillkomna bostäder;2018;15334
Stockholms län;500;nytillkomna bostäder;2019;14956
Stockholms län;500;nytillkomna bostäder;2020;11713
Stockholms län;1000;samtliga bostäder;2014;986195
Stockholms län;1000;samtliga bostäder;2015;998473
Stockholms län;1000;samtliga bostäder;2016;1012303
Stockholms län;1000;samtliga bostäder;2017;1031894
Stockholms län;1000;samtliga bostäder;2018;1056601
Stockholms län;1000;samtliga bostäder;2019;1074722
Stockholms län;1000;samtliga bostäder;2020;1086291
Stockholms län;1000;nytillkomna bostäder;2014;9441
Stockholms län;1000;nytillkomna bostäder;2015;12638
Stockholms län;1000;nytillkomna bostäder;2016;13667
Stockholms län;1000;nytillkomna bostäder;2017;14209
Stockholms län;1000;nytillkomna bostäder;2018;15925
Stockholms län;1000;nytillkomna bostäder;2019;15485
Stockholms län;1000;nytillkomna bostäder;2020;12211
Stockholms län;2000;samtliga bostäder;2014;997555
Stockholms län;2000;samtliga bostäder;2015;1010065
Stockholms län;2000;samtliga bostäder;2016;1023822
Stockholms län;2000;samtliga bostäder;2017;1043485
Stockholms län;2000;samtliga bostäder;2018;1067639
Stockholms län;2000;samtliga bostäder;2019;1085258
Stockholms län;2000;samtliga bostäder;2020;1097331
Stockholms län;2000;nytillkomna bostäder;2014;9554
Stockholms län;2000;nytillkomna bostäder;2015;12797
Stockholms län;2000;nytillkomna bostäder;2016;13750
Stockholms län;2000;nytillkomna bostäder;2017;14285
Stockholms län;2000;nytillkomna bostäder;2018;16020
Stockholms län;2000;nytillkomna bostäder;2019;15523
Stockholms län;2000;nytillkomna bostäder;2020;12327
Uppsala län;400;samtliga bostäder;2014;132918
Uppsala län;400;samtliga bostäder;2015;134329
Uppsala län;400;samtliga bostäder;2016;136592
Uppsala län;400;samtliga bostäder;2017;140063
Uppsala län;400;samtliga bostäder;2018;145828
Uppsala län;400;samtliga bostäder;2019;148086
Uppsala län;400;samtliga bostäder;2020;151422
Uppsala län;400;nytillkomna bostäder;2014;1055
Uppsala län;400;nytillkomna bostäder;2015;2196
Uppsala län;400;nytillkomna bostäder;2016;2180
Uppsala län;400;nytillkomna bostäder;2017;2948
Uppsala län;400;nytillkomna bostäder;2018;3422
Uppsala län;400;nytillkomna bostäder;2019;2853
Uppsala län;400;nytillkomna bostäder;2020;1593
Uppsala län;500;samtliga bostäder;2014;138729
Uppsala län;500;samtliga bostäder;2015;140350
Uppsala län;500;samtliga bostäder;2016;142826
Uppsala län;500;samtliga bostäder;2017;146545
Uppsala län;500;samtliga bostäder;2018;152881
Uppsala län;500;samtliga bostäder;2019;156016
Uppsala län;500;samtliga bostäder;2020;159090
Uppsala län;500;nytillkomna bostäder;2014;1183
Uppsala län;500;nytillkomna bostäder;2015;2336
Uppsala län;500;nytillkomna bostäder;2016;2342
Uppsala län;500;nytillkomna bostäder;2017;3157
Uppsala län;500;nytillkomna bostäder;2018;3937
Uppsala län;500;nytillkomna bostäder;2019;3084
Uppsala län;500;nytillkomna bostäder;2020;1722
Uppsala län;1000;samtliga bostäder;2014;148492
Uppsala län;1000;samtliga bostäder;2015;150612
Uppsala län;1000;samtliga bostäder;2016;153235
Uppsala län;1000;samtliga bostäder;2017;157184
Uppsala län;1000;samtliga bostäder;2018;163179
Uppsala län;1000;samtliga bostäder;2019;166563
Uppsala län;1000;samtliga bostäder;2020;169455
Uppsala län;1000;nytillkomna bostäder;2014;1296
Uppsala län;1000;nytillkomna bostäder;2015;2523
Uppsala län;1000;nytillkomna bostäder;2016;2469
Uppsala län;1000;nytillkomna bostäder;2017;3302
Uppsala län;1000;nytillkomna bostäder;2018;4000
Uppsala län;1000;nytillkomna bostäder;2019;3129
Uppsala län;1000;nytillkomna bostäder;2020;1803
Uppsala län;2000;samtliga bostäder;2014;154794
Uppsala län;2000;samtliga bostäder;2015;157293
Uppsala län;2000;samtliga bostäder;2016;159842
Uppsala län;2000;samtliga bostäder;2017;163934
Uppsala län;2000;samtliga bostäder;2018;169891
Uppsala län;2000;samtliga bostäder;2019;173450
Uppsala län;2000;samtliga bostäder;2020;176461
Uppsala län;2000;nytillkomna bostäder;2014;1347
Uppsala län;2000;nytillkomna bostäder;2015;2587
Uppsala län;2000;nytillkomna bostäder;2016;2523
Uppsala län;2000;nytillkomna bostäder;2017;3338
Uppsala län;2000;nytillkomna bostäder;2018;4093
Uppsala län;2000;nytillkomna bostäder;2019;3201
Uppsala län;2000;nytillkomna bostäder;2020;1837
Södermanlands län;400;samtliga bostäder;2014;103605
Södermanlands län;400;samtliga bostäder;2015;104766
Södermanlands län;400;samtliga bostäder;2016;104867
Södermanlands län;400;samtliga bostäder;2017;105966
Södermanlands län;400;samtliga bostäder;2018;109574
Södermanlands län;400;samtliga bostäder;2019;111239
Södermanlands län;400;samtliga bostäder;2020;112313
Södermanlands län;400;nytillkomna bostäder;2014;376
Södermanlands län;400;nytillkomna bostäder;2015;700
Södermanlands län;400;nytillkomna bostäder;2016;507
Södermanlands län;400;nytillkomna bostäder;2017;314
Södermanlands län;400;nytillkomna bostäder;2018;1385
Södermanlands län;400;nytillkomna bostäder;2019;1215
Södermanlands län;400;nytillkomna bostäder;2020;1544
Södermanlands län;500;samtliga bostäder;2014;110522
Södermanlands län;500;samtliga bostäder;2015;111472
Södermanlands län;500;samtliga bostäder;2016;111572
Södermanlands län;500;samtliga bostäder;2017;112747
Södermanlands län;500;samtliga bostäder;2018;115828
Södermanlands län;500;samtliga bostäder;2019;117433
Södermanlands län;500;samtliga bostäder;2020;118702
Södermanlands län;500;nytillkomna bostäder;2014;539
Södermanlands län;500;nytillkomna bostäder;2015;739
Södermanlands län;500;nytillkomna bostäder;2016;564
Södermanlands län;500;nytillkomna bostäder;2017;383
Södermanlands län;500;nytillkomna bostäder;2018;1460
Södermanlands län;500;nytillkomna bostäder;2019;1224
Södermanlands län;500;nytillkomna bostäder;2020;1595
Södermanlands län;1000;samtliga bostäder;2014;120166
Södermanlands län;1000;samtliga bostäder;2015;121018
Södermanlands län;1000;samtliga bostäder;2016;121374
Södermanlands län;1000;samtliga bostäder;2017;122231
Södermanlands län;1000;samtliga bostäder;2018;124822
Södermanlands län;1000;samtliga bostäder;2019;126492
Södermanlands län;1000;samtliga bostäder;2020;128230
Södermanlands län;1000;nytillkomna bostäder;2014;574
Södermanlands län;1000;nytillkomna bostäder;2015;767
Södermanlands län;1000;nytillkomna bostäder;2016;656
Södermanlands län;1000;nytillkomna bostäder;2017;468
Södermanlands län;1000;nytillkomna bostäder;2018;1611
Södermanlands län;1000;nytillkomna bostäder;2019;1284
Södermanlands län;1000;nytillkomna bostäder;2020;1637
Södermanlands län;2000;samtliga bostäder;2014;125688
Södermanlands län;2000;samtliga bostäder;2015;126550
Södermanlands län;2000;samtliga bostäder;2016;127180
Södermanlands län;2000;samtliga bostäder;2017;128022
Södermanlands län;2000;samtliga bostäder;2018;130625
Södermanlands län;2000;samtliga bostäder;2019;132364
Södermanlands län;2000;samtliga bostäder;2020;134008
Södermanlands län;2000;nytillkomna bostäder;2014;603
Södermanlands län;2000;nytillkomna bostäder;2015;789
Södermanlands län;2000;nytillkomna bostäder;2016;685
Södermanlands län;2000;nytillkomna bostäder;2017;487
Södermanlands län;2000;nytillkomna bostäder;2018;1625
Södermanlands län;2000;nytillkomna bostäder;2019;1315
Södermanlands län;2000;nytillkomna bostäder;2020;1659
Östergötlands län;400;samtliga bostäder;2014;167196
Östergötlands län;400;samtliga bostäder;2015;168750
Östergötlands län;400;samtliga bostäder;2016;170321
Östergötlands län;400;samtliga bostäder;2017;174176
Östergötlands län;400;samtliga bostäder;2018;180254
Östergötlands län;400;samtliga bostäder;2019;181727
Östergötlands län;400;samtliga bostäder;2020;181905
Östergötlands län;400;nytillkomna bostäder;2014;860
Östergötlands län;400;nytillkomna bostäder;2015;1282
Östergötlands län;400;nytillkomna bostäder;2016;1799
Östergötlands län;400;nytillkomna bostäder;2017;2609
Östergötlands län;400;nytillkomna bostäder;2018;2277
Östergötlands län;400;nytillkomna bostäder;2019;1684
Östergötlands län;400;nytillkomna bostäder;2020;1641
Östergötlands län;500;samtliga bostäder;2014;176614
Östergötlands län;500;samtliga bostäder;2015;178411
Östergötlands län;500;samtliga bostäder;2016;179861
Östergötlands län;500;samtliga bostäder;2017;183909
Östergötlands län;500;samtliga bostäder;2018;189613
Östergötlands län;500;samtliga bostäder;2019;191442
Östergötlands län;500;samtliga bostäder;2020;192282
Östergötlands län;500;nytillkomna bostäder;2014;1012
Östergötlands län;500;nytillkomna bostäder;2015;1415
Östergötlands län;500;nytillkomna bostäder;2016;1846
Östergötlands län;500;nytillkomna bostäder;2017;2850
Östergötlands län;500;nytillkomna bostäder;2018;2425
Östergötlands län;500;nytillkomna bostäder;2019;1718
Östergötlands län;500;nytillkomna bostäder;2020;1841
Östergötlands län;1000;samtliga bostäder;2014;191516
Östergötlands län;1000;samtliga bostäder;2015;193215
Östergötlands län;1000;samtliga bostäder;2016;194437
Östergötlands län;1000;samtliga bostäder;2017;198756
Östergötlands län;1000;samtliga bostäder;2018;204089
Östergötlands län;1000;samtliga bostäder;2019;206093
Östergötlands län;1000;samtliga bostäder;2020;207831
Östergötlands län;1000;nytillkomna bostäder;2014;1104
Östergötlands län;1000;nytillkomna bostäder;2015;1543
Östergötlands län;1000;nytillkomna bostäder;2016;1957
Östergötlands län;1000;nytillkomna bostäder;2017;3109
Östergötlands län;1000;nytillkomna bostäder;2018;2589
Östergötlands län;1000;nytillkomna bostäder;2019;1835
Östergötlands län;1000;nytillkomna bostäder;2020;1916
Östergötlands län;2000;samtliga bostäder;2014;198727
Östergötlands län;2000;samtliga bostäder;2015;200509
Östergötlands län;2000;samtliga bostäder;2016;201692
Östergötlands län;2000;samtliga bostäder;2017;206114
Östergötlands län;2000;samtliga bostäder;2018;211287
Östergötlands län;2000;samtliga bostäder;2019;213554
Östergötlands län;2000;samtliga bostäder;2020;215464
Östergötlands län;2000;nytillkomna bostäder;2014;1127
Östergötlands län;2000;nytillkomna bostäder;2015;1571
Östergötlands län;2000;nytillkomna bostäder;2016;2009
Östergötlands län;2000;nytillkomna bostäder;2017;3212
Östergötlands län;2000;nytillkomna bostäder;2018;2648
Östergötlands län;2000;nytillkomna bostäder;2019;1956
Östergötlands län;2000;nytillkomna bostäder;2020;2048
Jönköpings län;400;samtliga bostäder;2014;112596
Jönköpings län;400;samtliga bostäder;2015;114474
Jönköpings län;400;samtliga bostäder;2016;116443
Jönköpings län;400;samtliga bostäder;2017;118581
Jönköpings län;400;samtliga bostäder;2018;122503
Jönköpings län;400;samtliga bostäder;2019;124149
Jönköpings län;400;samtliga bostäder;2020;121201
Jönköpings län;400;nytillkomna bostäder;2014;515
Jönköpings län;400;nytillkomna bostäder;2015;529
Jönköpings län;400;nytillkomna bostäder;2016;959
Jönköpings län;400;nytillkomna bostäder;2017;1086
Jönköpings län;400;nytillkomna bostäder;2018;537
Jönköpings län;400;nytillkomna bostäder;2019;998
Jönköpings län;400;nytillkomna bostäder;2020;1059
Jönköpings län;500;samtliga bostäder;2014;121589
Jönköpings län;500;samtliga bostäder;2015;123080
Jönköpings län;500;samtliga bostäder;2016;125334
Jönköpings län;500;samtliga bostäder;2017;127562
Jönköpings län;500;samtliga bostäder;2018;131224
Jönköpings län;500;samtliga bostäder;2019;132917
Jönköpings län;500;samtliga bostäder;2020;130514
Jönköpings län;500;nytillkomna bostäder;2014;557
Jönköpings län;500;nytillkomna bostäder;2015;547
Jönköpings län;500;nytillkomna bostäder;2016;1058
Jönköpings län;500;nytillkomna bostäder;2017;1150
Jönköpings län;500;nytillkomna bostäder;2018;565
Jönköpings län;500;nytillkomna bostäder;2019;1023
Jönköpings län;500;nytillkomna bostäder;2020;1092
Jönköpings län;1000;samtliga bostäder;2014;138931
Jönköpings län;1000;samtliga bostäder;2015;139713
Jönköpings län;1000;samtliga bostäder;2016;141329
Jönköpings län;1000;samtliga bostäder;2017;143860
Jönköpings län;1000;samtliga bostäder;2018;146586
Jönköpings län;1000;samtliga bostäder;2019;148376
Jönköpings län;1000;samtliga bostäder;2020;147818
Jönköpings län;1000;nytillkomna bostäder;2014;651
Jönköpings län;1000;nytillkomna bostäder;2015;608
Jönköpings län;1000;nytillkomna bostäder;2016;1133
Jönköpings län;1000;nytillkomna bostäder;2017;1230
Jönköpings län;1000;nytillkomna bostäder;2018;701
Jönköpings län;1000;nytillkomna bostäder;2019;1097
Jönköpings län;1000;nytillkomna bostäder;2020;1150
Jönköpings län;2000;samtliga bostäder;2014;146385
Jönköpings län;2000;samtliga bostäder;2015;146868
Jönköpings län;2000;samtliga bostäder;2016;148088
Jönköpings län;2000;samtliga bostäder;2017;150789
Jönköpings län;2000;samtliga bostäder;2018;153488
Jönköpings län;2000;samtliga bostäder;2019;155509
Jönköpings län;2000;samtliga bostäder;2020;155085
Jönköpings län;2000;nytillkomna bostäder;2014;688
Jönköpings län;2000;nytillkomna bostäder;2015;646
Jönköpings län;2000;nytillkomna bostäder;2016;1170
Jönköpings län;2000;nytillkomna bostäder;2017;1307
Jönköpings län;2000;nytillkomna bostäder;2018;786
Jönköpings län;2000;nytillkomna bostäder;2019;1180
Jönköpings län;2000;nytillkomna bostäder;2020;1225
Kronobergs län;400;samtliga bostäder;2014;58238
Kronobergs län;400;samtliga bostäder;2015;59014
Kronobergs län;400;samtliga bostäder;2016;59486
Kronobergs län;400;samtliga bostäder;2017;60611
Kronobergs län;400;samtliga bostäder;2018;64766
Kronobergs län;400;samtliga bostäder;2019;65731
Kronobergs län;400;samtliga bostäder;2020;66477
Kronobergs län;400;nytillkomna bostäder;2014;341
Kronobergs län;400;nytillkomna bostäder;2015;394
Kronobergs län;400;nytillkomna bostäder;2016;435
Kronobergs län;400;nytillkomna bostäder;2017;854
Kronobergs län;400;nytillkomna bostäder;2018;1527
Kronobergs län;400;nytillkomna bostäder;2019;772
Kronobergs län;400;nytillkomna bostäder;2020;1155
Kronobergs län;500;samtliga bostäder;2014;63396
Kronobergs län;500;samtliga bostäder;2015;64527
Kronobergs län;500;samtliga bostäder;2016;64938
Kronobergs län;500;samtliga bostäder;2017;66148
Kronobergs län;500;samtliga bostäder;2018;70598
Kronobergs län;500;samtliga bostäder;2019;71613
Kronobergs län;500;samtliga bostäder;2020;72290
Kronobergs län;500;nytillkomna bostäder;2014;355
Kronobergs län;500;nytillkomna bostäder;2015;480
Kronobergs län;500;nytillkomna bostäder;2016;467
Kronobergs län;500;nytillkomna bostäder;2017;921
Kronobergs län;500;nytillkomna bostäder;2018;1629
Kronobergs län;500;nytillkomna bostäder;2019;834
Kronobergs län;500;nytillkomna bostäder;2020;1198
Kronobergs län;1000;samtliga bostäder;2014;75069
Kronobergs län;1000;samtliga bostäder;2015;76010
Kronobergs län;1000;samtliga bostäder;2016;76347
Kronobergs län;1000;samtliga bostäder;2017;77738
Kronobergs län;1000;samtliga bostäder;2018;81428
Kronobergs län;1000;samtliga bostäder;2019;82372
Kronobergs län;1000;samtliga bostäder;2020;83058
Kronobergs län;1000;nytillkomna bostäder;2014;433
Kronobergs län;1000;nytillkomna bostäder;2015;552
Kronobergs län;1000;nytillkomna bostäder;2016;511
Kronobergs län;1000;nytillkomna bostäder;2017;1020
Kronobergs län;1000;nytillkomna bostäder;2018;1700
Kronobergs län;1000;nytillkomna bostäder;2019;931
Kronobergs län;1000;nytillkomna bostäder;2020;1303
Kronobergs län;2000;samtliga bostäder;2014;79663
Kronobergs län;2000;samtliga bostäder;2015;79961
Kronobergs län;2000;samtliga bostäder;2016;80544
Kronobergs län;2000;samtliga bostäder;2017;82371
Kronobergs län;2000;samtliga bostäder;2018;85236
Kronobergs län;2000;samtliga bostäder;2019;86163
Kronobergs län;2000;samtliga bostäder;2020;86870
Kronobergs län;2000;nytillkomna bostäder;2014;465
Kronobergs län;2000;nytillkomna bostäder;2015;578
Kronobergs län;2000;nytillkomna bostäder;2016;540
Kronobergs län;2000;nytillkomna bostäder;2017;1064
Kronobergs län;2000;nytillkomna bostäder;2018;1732
Kronobergs län;2000;nytillkomna bostäder;2019;955
Kronobergs län;2000;nytillkomna bostäder;2020;1324
Kalmar län;400;samtliga bostäder;2014;73159
Kalmar län;400;samtliga bostäder;2015;73489
Kalmar län;400;samtliga bostäder;2016;73612
Kalmar län;400;samtliga bostäder;2017;73504
Kalmar län;400;samtliga bostäder;2018;78372
Kalmar län;400;samtliga bostäder;2019;79277
Kalmar län;400;samtliga bostäder;2020;77867
Kalmar län;400;nytillkomna bostäder;2014;314
Kalmar län;400;nytillkomna bostäder;2015;346
Kalmar län;400;nytillkomna bostäder;2016;382
Kalmar län;400;nytillkomna bostäder;2017;373
Kalmar län;400;nytillkomna bostäder;2018;743
Kalmar län;400;nytillkomna bostäder;2019;541
Kalmar län;400;nytillkomna bostäder;2020;864
Kalmar län;500;samtliga bostäder;2014;80807
Kalmar län;500;samtliga bostäder;2015;81191
Kalmar län;500;samtliga bostäder;2016;81453
Kalmar län;500;samtliga bostäder;2017;81606
Kalmar län;500;samtliga bostäder;2018;85279
Kalmar län;500;samtliga bostäder;2019;87218
Kalmar län;500;samtliga bostäder;2020;86247
Kalmar län;500;nytillkomna bostäder;2014;338
Kalmar län;500;nytillkomna bostäder;2015;356
Kalmar län;500;nytillkomna bostäder;2016;406
Kalmar län;500;nytillkomna bostäder;2017;406
Kalmar län;500;nytillkomna bostäder;2018;752
Kalmar län;500;nytillkomna bostäder;2019;609
Kalmar län;500;nytillkomna bostäder;2020;1040
Kalmar län;1000;samtliga bostäder;2014;94470
Kalmar län;1000;samtliga bostäder;2015;95389
Kalmar län;1000;samtliga bostäder;2016;95749
Kalmar län;1000;samtliga bostäder;2017;96083
Kalmar län;1000;samtliga bostäder;2018;98858
Kalmar län;1000;samtliga bostäder;2019;101168
Kalmar län;1000;samtliga bostäder;2020;101334
Kalmar län;1000;nytillkomna bostäder;2014;459
Kalmar län;1000;nytillkomna bostäder;2015;439
Kalmar län;1000;nytillkomna bostäder;2016;439
Kalmar län;1000;nytillkomna bostäder;2017;608
Kalmar län;1000;nytillkomna bostäder;2018;1090
Kalmar län;1000;nytillkomna bostäder;2019;891
Kalmar län;1000;nytillkomna bostäder;2020;1404
Kalmar län;2000;samtliga bostäder;2014;100758
Kalmar län;2000;samtliga bostäder;2015;102124
Kalmar län;2000;samtliga bostäder;2016;102497
Kalmar län;2000;samtliga bostäder;2017;102753
Kalmar län;2000;samtliga bostäder;2018;105808
Kalmar län;2000;samtliga bostäder;2019;107933
Kalmar län;2000;samtliga bostäder;2020;108158
Kalmar län;2000;nytillkomna bostäder;2014;475
Kalmar län;2000;nytillkomna bostäder;2015;463
Kalmar län;2000;nytillkomna bostäder;2016;462
Kalmar län;2000;nytillkomna bostäder;2017;628
Kalmar län;2000;nytillkomna bostäder;2018;1103
Kalmar län;2000;nytillkomna bostäder;2019;924
Kalmar län;2000;nytillkomna bostäder;2020;1464
Gotlands län;400;samtliga bostäder;2014;14763
Gotlands län;400;samtliga bostäder;2015;15145
Gotlands län;400;samtliga bostäder;2016;15866
Gotlands län;400;samtliga bostäder;2017;15951
Gotlands län;400;samtliga bostäder;2018;17450
Gotlands län;400;samtliga bostäder;2019;17742
Gotlands län;400;samtliga bostäder;2020;18412
Gotlands län;400;nytillkomna bostäder;2014;7
Gotlands län;400;nytillkomna bostäder;2015;146
Gotlands län;400;nytillkomna bostäder;2016;81
Gotlands län;400;nytillkomna bostäder;2017;6
Gotlands län;400;nytillkomna bostäder;2018;152
Gotlands län;400;nytillkomna bostäder;2019;208
Gotlands län;400;nytillkomna bostäder;2020;81
Gotlands län;500;samtliga bostäder;2014;16455
Gotlands län;500;samtliga bostäder;2015;16959
Gotlands län;500;samtliga bostäder;2016;17645
Gotlands län;500;samtliga bostäder;2017;17873
Gotlands län;500;samtliga bostäder;2018;19115
Gotlands län;500;samtliga bostäder;2019;19423
Gotlands län;500;samtliga bostäder;2020;20069
Gotlands län;500;nytillkomna bostäder;2014;9
Gotlands län;500;nytillkomna bostäder;2015;183
Gotlands län;500;nytillkomna bostäder;2016;88
Gotlands län;500;nytillkomna bostäder;2017;40
Gotlands län;500;nytillkomna bostäder;2018;153
Gotlands län;500;nytillkomna bostäder;2019;209
Gotlands län;500;nytillkomna bostäder;2020;86
Gotlands län;1000;samtliga bostäder;2014;19205
Gotlands län;1000;samtliga bostäder;2015;19497
Gotlands län;1000;samtliga bostäder;2016;20051
Gotlands län;1000;samtliga bostäder;2017;20401
Gotlands län;1000;samtliga bostäder;2018;21599
Gotlands län;1000;samtliga bostäder;2019;22001
Gotlands län;1000;samtliga bostäder;2020;22491
Gotlands län;1000;nytillkomna bostäder;2014;18
Gotlands län;1000;nytillkomna bostäder;2015;185
Gotlands län;1000;nytillkomna bostäder;2016;89
Gotlands län;1000;nytillkomna bostäder;2017;105
Gotlands län;1000;nytillkomna bostäder;2018;161
Gotlands län;1000;nytillkomna bostäder;2019;231
Gotlands län;1000;nytillkomna bostäder;2020;107
Gotlands län;2000;samtliga bostäder;2014;20549
Gotlands län;2000;samtliga bostäder;2015;21045
Gotlands län;2000;samtliga bostäder;2016;21613
Gotlands län;2000;samtliga bostäder;2017;21969
Gotlands län;2000;samtliga bostäder;2018;23380
Gotlands län;2000;samtliga bostäder;2019;23846
Gotlands län;2000;samtliga bostäder;2020;24216
Gotlands län;2000;nytillkomna bostäder;2014;30
Gotlands län;2000;nytillkomna bostäder;2015;194
Gotlands län;2000;nytillkomna bostäder;2016;98
Gotlands län;2000;nytillkomna bostäder;2017;112
Gotlands län;2000;nytillkomna bostäder;2018;166
Gotlands län;2000;nytillkomna bostäder;2019;237
Gotlands län;2000;nytillkomna bostäder;2020;117
Blekinge län;400;samtliga bostäder;2014;52852
Blekinge län;400;samtliga bostäder;2015;52650
Blekinge län;400;samtliga bostäder;2016;52574
Blekinge län;400;samtliga bostäder;2017;53573
Blekinge län;400;samtliga bostäder;2018;54488
Blekinge län;400;samtliga bostäder;2019;54444
Blekinge län;400;samtliga bostäder;2020;54610
Blekinge län;400;nytillkomna bostäder;2014;172
Blekinge län;400;nytillkomna bostäder;2015;81
Blekinge län;400;nytillkomna bostäder;2016;58
Blekinge län;400;nytillkomna bostäder;2017;180
Blekinge län;400;nytillkomna bostäder;2018;385
Blekinge län;400;nytillkomna bostäder;2019;63
Blekinge län;400;nytillkomna bostäder;2020;366
Blekinge län;500;samtliga bostäder;2014;56489
Blekinge län;500;samtliga bostäder;2015;56600
Blekinge län;500;samtliga bostäder;2016;56593
Blekinge län;500;samtliga bostäder;2017;57701
Blekinge län;500;samtliga bostäder;2018;58650
Blekinge län;500;samtliga bostäder;2019;58540
Blekinge län;500;samtliga bostäder;2020;58902
Blekinge län;500;nytillkomna bostäder;2014;178
Blekinge län;500;nytillkomna bostäder;2015;93
Blekinge län;500;nytillkomna bostäder;2016;114
Blekinge län;500;nytillkomna bostäder;2017;199
Blekinge län;500;nytillkomna bostäder;2018;390
Blekinge län;500;nytillkomna bostäder;2019;82
Blekinge län;500;nytillkomna bostäder;2020;373
Blekinge län;1000;samtliga bostäder;2014;63062
Blekinge län;1000;samtliga bostäder;2015;63502
Blekinge län;1000;samtliga bostäder;2016;63383
Blekinge län;1000;samtliga bostäder;2017;64622
Blekinge län;1000;samtliga bostäder;2018;65218
Blekinge län;1000;samtliga bostäder;2019;65108
Blekinge län;1000;samtliga bostäder;2020;65795
Blekinge län;1000;nytillkomna bostäder;2014;217
Blekinge län;1000;nytillkomna bostäder;2015;106
Blekinge län;1000;nytillkomna bostäder;2016;148
Blekinge län;1000;nytillkomna bostäder;2017;226
Blekinge län;1000;nytillkomna bostäder;2018;409
Blekinge län;1000;nytillkomna bostäder;2019;95
Blekinge län;1000;nytillkomna bostäder;2020;410
Blekinge län;2000;samtliga bostäder;2014;67245
Blekinge län;2000;samtliga bostäder;2015;68034
Blekinge län;2000;samtliga bostäder;2016;67885
Blekinge län;2000;samtliga bostäder;2017;69146
Blekinge län;2000;samtliga bostäder;2018;69759
Blekinge län;2000;samtliga bostäder;2019;69685
Blekinge län;2000;samtliga bostäder;2020;70446
Blekinge län;2000;nytillkomna bostäder;2014;233
Blekinge län;2000;nytillkomna bostäder;2015;125
Blekinge län;2000;nytillkomna bostäder;2016;185
Blekinge län;2000;nytillkomna bostäder;2017;258
Blekinge län;2000;nytillkomna bostäder;2018;448
Blekinge län;2000;nytillkomna bostäder;2019;181
Blekinge län;2000;nytillkomna bostäder;2020;443
Skåne län;400;samtliga bostäder;2014;466171
Skåne län;400;samtliga bostäder;2015;473625
Skåne län;400;samtliga bostäder;2016;475267
Skåne län;400;samtliga bostäder;2017;484546
Skåne län;400;samtliga bostäder;2018;494731
Skåne län;400;samtliga bostäder;2019;502810
Skåne län;400;samtliga bostäder;2020;509671
Skåne län;400;nytillkomna bostäder;2014;3057
Skåne län;400;nytillkomna bostäder;2015;2960
Skåne län;400;nytillkomna bostäder;2016;4685
Skåne län;400;nytillkomna bostäder;2017;6678
Skåne län;400;nytillkomna bostäder;2018;6581
Skåne län;400;nytillkomna bostäder;2019;6472
Skåne län;400;nytillkomna bostäder;2020;6549
Skåne län;500;samtliga bostäder;2014;495400
Skåne län;500;samtliga bostäder;2015;503255
Skåne län;500;samtliga bostäder;2016;506066
Skåne län;500;samtliga bostäder;2017;516299
Skåne län;500;samtliga bostäder;2018;526650
Skåne län;500;samtliga bostäder;2019;535300
Skåne län;500;samtliga bostäder;2020;542602
Skåne län;500;nytillkomna bostäder;2014;3214
Skåne län;500;nytillkomna bostäder;2015;3174
Skåne län;500;nytillkomna bostäder;2016;4982
Skåne län;500;nytillkomna bostäder;2017;7190
Skåne län;500;nytillkomna bostäder;2018;6969
Skåne län;500;nytillkomna bostäder;2019;6974
Skåne län;500;nytillkomna bostäder;2020;6947
Skåne län;1000;samtliga bostäder;2014;547316
Skåne län;1000;samtliga bostäder;2015;555614
Skåne län;1000;samtliga bostäder;2016;559413
Skåne län;1000;samtliga bostäder;2017;570679
Skåne län;1000;samtliga bostäder;2018;581266
Skåne län;1000;samtliga bostäder;2019;590390
Skåne län;1000;samtliga bostäder;2020;597816
Skåne län;1000;nytillkomna bostäder;2014;3487
Skåne län;1000;nytillkomna bostäder;2015;3537
Skåne län;1000;nytillkomna bostäder;2016;5260
Skåne län;1000;nytillkomna bostäder;2017;7607
Skåne län;1000;nytillkomna bostäder;2018;7477
Skåne län;1000;nytillkomna bostäder;2019;7625
Skåne län;1000;nytillkomna bostäder;2020;7230
Skåne län;2000;samtliga bostäder;2014;573563
Skåne län;2000;samtliga bostäder;2015;581829
Skåne län;2000;samtliga bostäder;2016;585845
Skåne län;2000;samtliga bostäder;2017;597000
Skåne län;2000;samtliga bostäder;2018;607790
Skåne län;2000;samtliga bostäder;2019;617317
Skåne län;2000;samtliga bostäder;2020;624789
Skåne län;2000;nytillkomna bostäder;2014;3574
Skåne län;2000;nytillkomna bostäder;2015;3595
Skåne län;2000;nytillkomna bostäder;2016;5361
Skåne län;2000;nytillkomna bostäder;2017;7704
Skåne län;2000;nytillkomna bostäder;2018;7601
Skåne län;2000;nytillkomna bostäder;2019;7754
Skåne län;2000;nytillkomna bostäder;2020;7360
Hallands län;400;samtliga bostäder;2014;103538
Hallands län;400;samtliga bostäder;2015;103807
Hallands län;400;samtliga bostäder;2016;103738
Hallands län;400;samtliga bostäder;2017;105219
Hallands län;400;samtliga bostäder;2018;109439
Hallands län;400;samtliga bostäder;2019;110417
Hallands län;400;samtliga bostäder;2020;112773
Hallands län;400;nytillkomna bostäder;2014;816
Hallands län;400;nytillkomna bostäder;2015;731
Hallands län;400;nytillkomna bostäder;2016;1401
Hallands län;400;nytillkomna bostäder;2017;1029
Hallands län;400;nytillkomna bostäder;2018;1843
Hallands län;400;nytillkomna bostäder;2019;1304
Hallands län;400;nytillkomna bostäder;2020;1305
Hallands län;500;samtliga bostäder;2014;110073
Hallands län;500;samtliga bostäder;2015;110581
Hallands län;500;samtliga bostäder;2016;111033
Hallands län;500;samtliga bostäder;2017;113177
Hallands län;500;samtliga bostäder;2018;116609
Hallands län;500;samtliga bostäder;2019;117984
Hallands län;500;samtliga bostäder;2020;120330
Hallands län;500;nytillkomna bostäder;2014;868
Hallands län;500;nytillkomna bostäder;2015;798
Hallands län;500;nytillkomna bostäder;2016;1511
Hallands län;500;nytillkomna bostäder;2017;1660
Hallands län;500;nytillkomna bostäder;2018;1943
Hallands län;500;nytillkomna bostäder;2019;1415
Hallands län;500;nytillkomna bostäder;2020;1445
Hallands län;1000;samtliga bostäder;2014;121561
Hallands län;1000;samtliga bostäder;2015;122306
Hallands län;1000;samtliga bostäder;2016;124061
Hallands län;1000;samtliga bostäder;2017;126477
Hallands län;1000;samtliga bostäder;2018;130321
Hallands län;1000;samtliga bostäder;2019;131993
Hallands län;1000;samtliga bostäder;2020;134624
Hallands län;1000;nytillkomna bostäder;2014;937
Hallands län;1000;nytillkomna bostäder;2015;973
Hallands län;1000;nytillkomna bostäder;2016;1757
Hallands län;1000;nytillkomna bostäder;2017;1875
Hallands län;1000;nytillkomna bostäder;2018;2138
Hallands län;1000;nytillkomna bostäder;2019;1706
Hallands län;1000;nytillkomna bostäder;2020;1756
Hallands län;2000;samtliga bostäder;2014;129462
Hallands län;2000;samtliga bostäder;2015;130310
Hallands län;2000;samtliga bostäder;2016;132250
Hallands län;2000;samtliga bostäder;2017;134705
Hallands län;2000;samtliga bostäder;2018;138353
Hallands län;2000;samtliga bostäder;2019;140201
Hallands län;2000;samtliga bostäder;2020;142344
Hallands län;2000;nytillkomna bostäder;2014;984
Hallands län;2000;nytillkomna bostäder;2015;1037
Hallands län;2000;nytillkomna bostäder;2016;1827
Hallands län;2000;nytillkomna bostäder;2017;1955
Hallands län;2000;nytillkomna bostäder;2018;2218
Hallands län;2000;nytillkomna bostäder;2019;1780
Hallands län;2000;nytillkomna bostäder;2020;1811
Västra Götalands län;400;samtliga bostäder;2014;600883
Västra Götalands län;400;samtliga bostäder;2015;605879
Västra Götalands län;400;samtliga bostäder;2016;611601
Västra Götalands län;400;samtliga bostäder;2017;621385
Västra Götalands län;400;samtliga bostäder;2018;636450
Västra Götalands län;400;samtliga bostäder;2019;647280
Västra Götalands län;400;samtliga bostäder;2020;653487
Västra Götalands län;400;nytillkomna bostäder;2014;3525
Västra Götalands län;400;nytillkomna bostäder;2015;4269
Västra Götalands län;400;nytillkomna bostäder;2016;4503
Västra Götalands län;400;nytillkomna bostäder;2017;6705
Västra Götalands län;400;nytillkomna bostäder;2018;6925
Västra Götalands län;400;nytillkomna bostäder;2019;5948
Västra Götalands län;400;nytillkomna bostäder;2020;7074
Västra Götalands län;500;samtliga bostäder;2014;639591
Västra Götalands län;500;samtliga bostäder;2015;645019
Västra Götalands län;500;samtliga bostäder;2016;650791
Västra Götalands län;500;samtliga bostäder;2017;661623
Västra Götalands län;500;samtliga bostäder;2018;675967
Västra Götalands län;500;samtliga bostäder;2019;686239
Västra Götalands län;500;samtliga bostäder;2020;693209
Västra Götalands län;500;nytillkomna bostäder;2014;3694
Västra Götalands län;500;nytillkomna bostäder;2015;4601
Västra Götalands län;500;nytillkomna bostäder;2016;4753
Västra Götalands län;500;nytillkomna bostäder;2017;6943
Västra Götalands län;500;nytillkomna bostäder;2018;7172
Västra Götalands län;500;nytillkomna bostäder;2019;6256
Västra Götalands län;500;nytillkomna bostäder;2020;7509
Västra Götalands län;1000;samtliga bostäder;2014;696040
Västra Götalands län;1000;samtliga bostäder;2015;701192
Västra Götalands län;1000;samtliga bostäder;2016;707191
Västra Götalands län;1000;samtliga bostäder;2017;718931
Västra Götalands län;1000;samtliga bostäder;2018;733136
Västra Götalands län;1000;samtliga bostäder;2019;742546
Västra Götalands län;1000;samtliga bostäder;2020;751264
Västra Götalands län;1000;nytillkomna bostäder;2014;4055
Västra Götalands län;1000;nytillkomna bostäder;2015;5153
Västra Götalands län;1000;nytillkomna bostäder;2016;5318
Västra Götalands län;1000;nytillkomna bostäder;2017;7535
Västra Götalands län;1000;nytillkomna bostäder;2018;7642
Västra Götalands län;1000;nytillkomna bostäder;2019;6747
Västra Götalands län;1000;nytillkomna bostäder;2020;8082
Västra Götalands län;2000;samtliga bostäder;2014;723767
Västra Götalands län;2000;samtliga bostäder;2015;728794
Västra Götalands län;2000;samtliga bostäder;2016;734824
Västra Götalands län;2000;samtliga bostäder;2017;746716
Västra Götalands län;2000;samtliga bostäder;2018;760880
Västra Götalands län;2000;samtliga bostäder;2019;770199
Västra Götalands län;2000;samtliga bostäder;2020;779533
Västra Götalands län;2000;nytillkomna bostäder;2014;4205
Västra Götalands län;2000;nytillkomna bostäder;2015;5302
Västra Götalands län;2000;nytillkomna bostäder;2016;5499
Västra Götalands län;2000;nytillkomna bostäder;2017;7733
Västra Götalands län;2000;nytillkomna bostäder;2018;7799
Västra Götalands län;2000;nytillkomna bostäder;2019;6936
Västra Götalands län;2000;nytillkomna bostäder;2020;8250
Värmlands län;400;samtliga bostäder;2014;85398
Värmlands län;400;samtliga bostäder;2015;85960
Värmlands län;400;samtliga bostäder;2016;83054
Värmlands län;400;samtliga bostäder;2017;83544
Värmlands län;400;samtliga bostäder;2018;86501
Värmlands län;400;samtliga bostäder;2019;93072
Värmlands län;400;samtliga bostäder;2020;93972
Värmlands län;400;nytillkomna bostäder;2014;174
Värmlands län;400;nytillkomna bostäder;2015;292
Värmlands län;400;nytillkomna bostäder;2016;764
Värmlands län;400;nytillkomna bostäder;2017;538
Värmlands län;400;nytillkomna bostäder;2018;1070
Värmlands län;400;nytillkomna bostäder;2019;724
Värmlands län;400;nytillkomna bostäder;2020;728
Värmlands län;500;samtliga bostäder;2014;92668
Värmlands län;500;samtliga bostäder;2015;93333
Värmlands län;500;samtliga bostäder;2016;90922
Värmlands län;500;samtliga bostäder;2017;91265
Värmlands län;500;samtliga bostäder;2018;94641
Värmlands län;500;samtliga bostäder;2019;101285
Värmlands län;500;samtliga bostäder;2020;102451
Värmlands län;500;nytillkomna bostäder;2014;190
Värmlands län;500;nytillkomna bostäder;2015;318
Värmlands län;500;nytillkomna bostäder;2016;815
Värmlands län;500;nytillkomna bostäder;2017;571
Värmlands län;500;nytillkomna bostäder;2018;1212
Värmlands län;500;nytillkomna bostäder;2019;732
Värmlands län;500;nytillkomna bostäder;2020;749
Värmlands län;1000;samtliga bostäder;2014;108708
Värmlands län;1000;samtliga bostäder;2015;109799
Värmlands län;1000;samtliga bostäder;2016;109101
Värmlands län;1000;samtliga bostäder;2017;109686
Värmlands län;1000;samtliga bostäder;2018;113515
Värmlands län;1000;samtliga bostäder;2019;117305
Värmlands län;1000;samtliga bostäder;2020;118796
Värmlands län;1000;nytillkomna bostäder;2014;234
Värmlands län;1000;nytillkomna bostäder;2015;400
Värmlands län;1000;nytillkomna bostäder;2016;949
Värmlands län;1000;nytillkomna bostäder;2017;635
Värmlands län;1000;nytillkomna bostäder;2018;1321
Värmlands län;1000;nytillkomna bostäder;2019;750
Värmlands län;1000;nytillkomna bostäder;2020;810
Värmlands län;2000;samtliga bostäder;2014;117617
Värmlands län;2000;samtliga bostäder;2015;118665
Värmlands län;2000;samtliga bostäder;2016;118965
Värmlands län;2000;samtliga bostäder;2017;120760
Värmlands län;2000;samtliga bostäder;2018;124764
Värmlands län;2000;samtliga bostäder;2019;125972
Värmlands län;2000;samtliga bostäder;2020;127078
Värmlands län;2000;nytillkomna bostäder;2014;245
Värmlands län;2000;nytillkomna bostäder;2015;408
Värmlands län;2000;nytillkomna bostäder;2016;957
Värmlands län;2000;nytillkomna bostäder;2017;653
Värmlands län;2000;nytillkomna bostäder;2018;1413
Värmlands län;2000;nytillkomna bostäder;2019;769
Värmlands län;2000;nytillkomna bostäder;2020;827
Örebro län;400;samtliga bostäder;2014;104556
Örebro län;400;samtliga bostäder;2015;106471
Örebro län;400;samtliga bostäder;2016;107261
Örebro län;400;samtliga bostäder;2017;109898
Örebro län;400;samtliga bostäder;2018;109906
Örebro län;400;samtliga bostäder;2019;110426
Örebro län;400;samtliga bostäder;2020;111821
Örebro län;400;nytillkomna bostäder;2014;889
Örebro län;400;nytillkomna bostäder;2015;1676
Örebro län;400;nytillkomna bostäder;2016;648
Örebro län;400;nytillkomna bostäder;2017;1249
Örebro län;400;nytillkomna bostäder;2018;915
Örebro län;400;nytillkomna bostäder;2019;343
Örebro län;400;nytillkomna bostäder;2020;875
Örebro län;500;samtliga bostäder;2014;110964
Örebro län;500;samtliga bostäder;2015;113624
Örebro län;500;samtliga bostäder;2016;114864
Örebro län;500;samtliga bostäder;2017;117651
Örebro län;500;samtliga bostäder;2018;117931
Örebro län;500;samtliga bostäder;2019;118383
Örebro län;500;samtliga bostäder;2020;119901
Örebro län;500;nytillkomna bostäder;2014;995
Örebro län;500;nytillkomna bostäder;2015;2202
Örebro län;500;nytillkomna bostäder;2016;792
Örebro län;500;nytillkomna bostäder;2017;1368
Örebro län;500;nytillkomna bostäder;2018;979
Örebro län;500;nytillkomna bostäder;2019;386
Örebro län;500;nytillkomna bostäder;2020;937
Örebro län;1000;samtliga bostäder;2014;121882
Örebro län;1000;samtliga bostäder;2015;124601
Örebro län;1000;samtliga bostäder;2016;126958
Örebro län;1000;samtliga bostäder;2017;129692
Örebro län;1000;samtliga bostäder;2018;130045
Örebro län;1000;samtliga bostäder;2019;130468
Örebro län;1000;samtliga bostäder;2020;132399
Örebro län;1000;nytillkomna bostäder;2014;1052
Örebro län;1000;nytillkomna bostäder;2015;2301
Örebro län;1000;nytillkomna bostäder;2016;879
Örebro län;1000;nytillkomna bostäder;2017;1436
Örebro län;1000;nytillkomna bostäder;2018;1058
Örebro län;1000;nytillkomna bostäder;2019;477
Örebro län;1000;nytillkomna bostäder;2020;1076
Örebro län;2000;samtliga bostäder;2014;128262
Örebro län;2000;samtliga bostäder;2015;131098
Örebro län;2000;samtliga bostäder;2016;132976
Örebro län;2000;samtliga bostäder;2017;135668
Örebro län;2000;samtliga bostäder;2018;136405
Örebro län;2000;samtliga bostäder;2019;136885
Örebro län;2000;samtliga bostäder;2020;138720
Örebro län;2000;nytillkomna bostäder;2014;1078
Örebro län;2000;nytillkomna bostäder;2015;2326
Örebro län;2000;nytillkomna bostäder;2016;894
Örebro län;2000;nytillkomna bostäder;2017;1484
Örebro län;2000;nytillkomna bostäder;2018;1089
Örebro län;2000;nytillkomna bostäder;2019;504
Örebro län;2000;nytillkomna bostäder;2020;1111
Västmanlands län;400;samtliga bostäder;2014;88466
Västmanlands län;400;samtliga bostäder;2015;91534
Västmanlands län;400;samtliga bostäder;2016;88931
Västmanlands län;400;samtliga bostäder;2017;90776
Västmanlands län;400;samtliga bostäder;2018;95264
Västmanlands län;400;samtliga bostäder;2019;96506
Västmanlands län;400;samtliga bostäder;2020;92419
Västmanlands län;400;nytillkomna bostäder;2014;434
Västmanlands län;400;nytillkomna bostäder;2015;518
Västmanlands län;400;nytillkomna bostäder;2016;677
Västmanlands län;400;nytillkomna bostäder;2017;910
Västmanlands län;400;nytillkomna bostäder;2018;1176
Västmanlands län;400;nytillkomna bostäder;2019;745
Västmanlands län;400;nytillkomna bostäder;2020;725
Västmanlands län;500;samtliga bostäder;2014;97595
Västmanlands län;500;samtliga bostäder;2015;99596
Västmanlands län;500;samtliga bostäder;2016;97063
Västmanlands län;500;samtliga bostäder;2017;99269
Västmanlands län;500;samtliga bostäder;2018;102892
Västmanlands län;500;samtliga bostäder;2019;104575
Västmanlands län;500;samtliga bostäder;2020;102940
Västmanlands län;500;nytillkomna bostäder;2014;514
Västmanlands län;500;nytillkomna bostäder;2015;582
Västmanlands län;500;nytillkomna bostäder;2016;845
Västmanlands län;500;nytillkomna bostäder;2017;1068
Västmanlands län;500;nytillkomna bostäder;2018;1295
Västmanlands län;500;nytillkomna bostäder;2019;1069
Västmanlands län;500;nytillkomna bostäder;2020;920
Västmanlands län;1000;samtliga bostäder;2014;113759
Västmanlands län;1000;samtliga bostäder;2015;114612
Västmanlands län;1000;samtliga bostäder;2016;113170
Västmanlands län;1000;samtliga bostäder;2017;115686
Västmanlands län;1000;samtliga bostäder;2018;118704
Västmanlands län;1000;samtliga bostäder;2019;120490
Västmanlands län;1000;samtliga bostäder;2020;121059
Västmanlands län;1000;nytillkomna bostäder;2014;550
Västmanlands län;1000;nytillkomna bostäder;2015;706
Västmanlands län;1000;nytillkomna bostäder;2016;939
Västmanlands län;1000;nytillkomna bostäder;2017;1141
Västmanlands län;1000;nytillkomna bostäder;2018;1404
Västmanlands län;1000;nytillkomna bostäder;2019;1142
Västmanlands län;1000;nytillkomna bostäder;2020;1052
Västmanlands län;2000;samtliga bostäder;2014;120464
Västmanlands län;2000;samtliga bostäder;2015;121182
Västmanlands län;2000;samtliga bostäder;2016;121525
Västmanlands län;2000;samtliga bostäder;2017;123806
Västmanlands län;2000;samtliga bostäder;2018;126750
Västmanlands län;2000;samtliga bostäder;2019;127980
Västmanlands län;2000;samtliga bostäder;2020;128925
Västmanlands län;2000;nytillkomna bostäder;2014;565
Västmanlands län;2000;nytillkomna bostäder;2015;723
Västmanlands län;2000;nytillkomna bostäder;2016;974
Västmanlands län;2000;nytillkomna bostäder;2017;1176
Västmanlands län;2000;nytillkomna bostäder;2018;1435
Västmanlands län;2000;nytillkomna bostäder;2019;1167
Västmanlands län;2000;nytillkomna bostäder;2020;1105
Dalarnas län;400;samtliga bostäder;2014;94220
Dalarnas län;400;samtliga bostäder;2015;98021
Dalarnas län;400;samtliga bostäder;2016;97703
Dalarnas län;400;samtliga bostäder;2017;98918
Dalarnas län;400;samtliga bostäder;2018;105594
Dalarnas län;400;samtliga bostäder;2019;108376
Dalarnas län;400;samtliga bostäder;2020;107133
Dalarnas län;400;nytillkomna bostäder;2014;151
Dalarnas län;400;nytillkomna bostäder;2015;190
Dalarnas län;400;nytillkomna bostäder;2016;257
Dalarnas län;400;nytillkomna bostäder;2017;369
Dalarnas län;400;nytillkomna bostäder;2018;587
Dalarnas län;400;nytillkomna bostäder;2019;354
Dalarnas län;400;nytillkomna bostäder;2020;450
Dalarnas län;500;samtliga bostäder;2014;100716
Dalarnas län;500;samtliga bostäder;2015;104770
Dalarnas län;500;samtliga bostäder;2016;104920
Dalarnas län;500;samtliga bostäder;2017;106252
Dalarnas län;500;samtliga bostäder;2018;113057
Dalarnas län;500;samtliga bostäder;2019;115241
Dalarnas län;500;samtliga bostäder;2020;114391
Dalarnas län;500;nytillkomna bostäder;2014;171
Dalarnas län;500;nytillkomna bostäder;2015;209
Dalarnas län;500;nytillkomna bostäder;2016;274
Dalarnas län;500;nytillkomna bostäder;2017;377
Dalarnas län;500;nytillkomna bostäder;2018;588
Dalarnas län;500;nytillkomna bostäder;2019;397
Dalarnas län;500;nytillkomna bostäder;2020;464
Dalarnas län;1000;samtliga bostäder;2014;115287
Dalarnas län;1000;samtliga bostäder;2015;118749
Dalarnas län;1000;samtliga bostäder;2016;118797
Dalarnas län;1000;samtliga bostäder;2017;120546
Dalarnas län;1000;samtliga bostäder;2018;126727
Dalarnas län;1000;samtliga bostäder;2019;128590
Dalarnas län;1000;samtliga bostäder;2020;128366
Dalarnas län;1000;nytillkomna bostäder;2014;218
Dalarnas län;1000;nytillkomna bostäder;2015;259
Dalarnas län;1000;nytillkomna bostäder;2016;297
Dalarnas län;1000;nytillkomna bostäder;2017;448
Dalarnas län;1000;nytillkomna bostäder;2018;618
Dalarnas län;1000;nytillkomna bostäder;2019;422
Dalarnas län;1000;nytillkomna bostäder;2020;514
Dalarnas län;2000;samtliga bostäder;2014;124473
Dalarnas län;2000;samtliga bostäder;2015;127554
Dalarnas län;2000;samtliga bostäder;2016;127235
Dalarnas län;2000;samtliga bostäder;2017;129449
Dalarnas län;2000;samtliga bostäder;2018;133871
Dalarnas län;2000;samtliga bostäder;2019;136050
Dalarnas län;2000;samtliga bostäder;2020;136538
Dalarnas län;2000;nytillkomna bostäder;2014;238
Dalarnas län;2000;nytillkomna bostäder;2015;269
Dalarnas län;2000;nytillkomna bostäder;2016;302
Dalarnas län;2000;nytillkomna bostäder;2017;457
Dalarnas län;2000;nytillkomna bostäder;2018;633
Dalarnas län;2000;nytillkomna bostäder;2019;441
Dalarnas län;2000;nytillkomna bostäder;2020;523
Gävleborgs län;400;samtliga bostäder;2014;106894
Gävleborgs län;400;samtliga bostäder;2015;107247
Gävleborgs län;400;samtliga bostäder;2016;108043
Gävleborgs län;400;samtliga bostäder;2017;109549
Gävleborgs län;400;samtliga bostäder;2018;111695
Gävleborgs län;400;samtliga bostäder;2019;112829
Gävleborgs län;400;samtliga bostäder;2020;113052
Gävleborgs län;400;nytillkomna bostäder;2014;315
Gävleborgs län;400;nytillkomna bostäder;2015;172
Gävleborgs län;400;nytillkomna bostäder;2016;226
Gävleborgs län;400;nytillkomna bostäder;2017;617
Gävleborgs län;400;nytillkomna bostäder;2018;976
Gävleborgs län;400;nytillkomna bostäder;2019;870
Gävleborgs län;400;nytillkomna bostäder;2020;299
Gävleborgs län;500;samtliga bostäder;2014;112342
Gävleborgs län;500;samtliga bostäder;2015;112674
Gävleborgs län;500;samtliga bostäder;2016;113253
Gävleborgs län;500;samtliga bostäder;2017;114818
Gävleborgs län;500;samtliga bostäder;2018;117065
Gävleborgs län;500;samtliga bostäder;2019;118081
Gävleborgs län;500;samtliga bostäder;2020;118408
Gävleborgs län;500;nytillkomna bostäder;2014;322
Gävleborgs län;500;nytillkomna bostäder;2015;177
Gävleborgs län;500;nytillkomna bostäder;2016;232
Gävleborgs län;500;nytillkomna bostäder;2017;633
Gävleborgs län;500;nytillkomna bostäder;2018;1008
Gävleborgs län;500;nytillkomna bostäder;2019;884
Gävleborgs län;500;nytillkomna bostäder;2020;326
Gävleborgs län;1000;samtliga bostäder;2014;121725
Gävleborgs län;1000;samtliga bostäder;2015;122230
Gävleborgs län;1000;samtliga bostäder;2016;121976
Gävleborgs län;1000;samtliga bostäder;2017;123646
Gävleborgs län;1000;samtliga bostäder;2018;126361
Gävleborgs län;1000;samtliga bostäder;2019;127246
Gävleborgs län;1000;samtliga bostäder;2020;127670
Gävleborgs län;1000;nytillkomna bostäder;2014;345
Gävleborgs län;1000;nytillkomna bostäder;2015;197
Gävleborgs län;1000;nytillkomna bostäder;2016;251
Gävleborgs län;1000;nytillkomna bostäder;2017;668
Gävleborgs län;1000;nytillkomna bostäder;2018;1098
Gävleborgs län;1000;nytillkomna bostäder;2019;903
Gävleborgs län;1000;nytillkomna bostäder;2020;351
Gävleborgs län;2000;samtliga bostäder;2014;128617
Gävleborgs län;2000;samtliga bostäder;2015;129061
Gävleborgs län;2000;samtliga bostäder;2016;128637
Gävleborgs län;2000;samtliga bostäder;2017;130349
Gävleborgs län;2000;samtliga bostäder;2018;132937
Gävleborgs län;2000;samtliga bostäder;2019;133812
Gävleborgs län;2000;samtliga bostäder;2020;134266
Gävleborgs län;2000;nytillkomna bostäder;2014;358
Gävleborgs län;2000;nytillkomna bostäder;2015;211
Gävleborgs län;2000;nytillkomna bostäder;2016;258
Gävleborgs län;2000;nytillkomna bostäder;2017;675
Gävleborgs län;2000;nytillkomna bostäder;2018;1109
Gävleborgs län;2000;nytillkomna bostäder;2019;911
Gävleborgs län;2000;nytillkomna bostäder;2020;364
Västernorrlands län;400;samtliga bostäder;2014;80489
Västernorrlands län;400;samtliga bostäder;2015;80998
Västernorrlands län;400;samtliga bostäder;2016;82427
Västernorrlands län;400;samtliga bostäder;2017;86118
Västernorrlands län;400;samtliga bostäder;2018;90117
Västernorrlands län;400;samtliga bostäder;2019;91367
Västernorrlands län;400;samtliga bostäder;2020;91794
Västernorrlands län;400;nytillkomna bostäder;2014;75
Västernorrlands län;400;nytillkomna bostäder;2015;68
Västernorrlands län;400;nytillkomna bostäder;2016;394
Västernorrlands län;400;nytillkomna bostäder;2017;302
Västernorrlands län;400;nytillkomna bostäder;2018;412
Västernorrlands län;400;nytillkomna bostäder;2019;183
Västernorrlands län;400;nytillkomna bostäder;2020;248
Västernorrlands län;500;samtliga bostäder;2014;85668
Västernorrlands län;500;samtliga bostäder;2015;86352
Västernorrlands län;500;samtliga bostäder;2016;87758
Västernorrlands län;500;samtliga bostäder;2017;91461
Västernorrlands län;500;samtliga bostäder;2018;95665
Västernorrlands län;500;samtliga bostäder;2019;96892
Västernorrlands län;500;samtliga bostäder;2020;97292
Västernorrlands län;500;nytillkomna bostäder;2014;77
Västernorrlands län;500;nytillkomna bostäder;2015;80
Västernorrlands län;500;nytillkomna bostäder;2016;406
Västernorrlands län;500;nytillkomna bostäder;2017;310
Västernorrlands län;500;nytillkomna bostäder;2018;419
Västernorrlands län;500;nytillkomna bostäder;2019;186
Västernorrlands län;500;nytillkomna bostäder;2020;252
Västernorrlands län;1000;samtliga bostäder;2014;96595
Västernorrlands län;1000;samtliga bostäder;2015;96776
Västernorrlands län;1000;samtliga bostäder;2016;98317
Västernorrlands län;1000;samtliga bostäder;2017;101251
Västernorrlands län;1000;samtliga bostäder;2018;105547
Västernorrlands län;1000;samtliga bostäder;2019;106743
Västernorrlands län;1000;samtliga bostäder;2020;106942
Västernorrlands län;1000;nytillkomna bostäder;2014;89
Västernorrlands län;1000;nytillkomna bostäder;2015;102
Västernorrlands län;1000;nytillkomna bostäder;2016;427
Västernorrlands län;1000;nytillkomna bostäder;2017;329
Västernorrlands län;1000;nytillkomna bostäder;2018;470
Västernorrlands län;1000;nytillkomna bostäder;2019;193
Västernorrlands län;1000;nytillkomna bostäder;2020;262
Västernorrlands län;2000;samtliga bostäder;2014;103281
Västernorrlands län;2000;samtliga bostäder;2015;103749
Västernorrlands län;2000;samtliga bostäder;2016;104393
Västernorrlands län;2000;samtliga bostäder;2017;106685
Västernorrlands län;2000;samtliga bostäder;2018;111357
Västernorrlands län;2000;samtliga bostäder;2019;112589
Västernorrlands län;2000;samtliga bostäder;2020;112725
Västernorrlands län;2000;nytillkomna bostäder;2014;109
Västernorrlands län;2000;nytillkomna bostäder;2015;114
Västernorrlands län;2000;nytillkomna bostäder;2016;442
Västernorrlands län;2000;nytillkomna bostäder;2017;339
Västernorrlands län;2000;nytillkomna bostäder;2018;478
Västernorrlands län;2000;nytillkomna bostäder;2019;196
Västernorrlands län;2000;nytillkomna bostäder;2020;272
Jämtlands län;400;samtliga bostäder;2014;40755
Jämtlands län;400;samtliga bostäder;2015;41135
Jämtlands län;400;samtliga bostäder;2016;41732
Jämtlands län;400;samtliga bostäder;2017;42893
Jämtlands län;400;samtliga bostäder;2018;46799
Jämtlands län;400;samtliga bostäder;2019;47026
Jämtlands län;400;samtliga bostäder;2020;47347
Jämtlands län;400;nytillkomna bostäder;2014;159
Jämtlands län;400;nytillkomna bostäder;2015;208
Jämtlands län;400;nytillkomna bostäder;2016;558
Jämtlands län;400;nytillkomna bostäder;2017;247
Jämtlands län;400;nytillkomna bostäder;2018;324
Jämtlands län;400;nytillkomna bostäder;2019;502
Jämtlands län;400;nytillkomna bostäder;2020;299
Jämtlands län;500;samtliga bostäder;2014;42864
Jämtlands län;500;samtliga bostäder;2015;43368
Jämtlands län;500;samtliga bostäder;2016;44054
Jämtlands län;500;samtliga bostäder;2017;45378
Jämtlands län;500;samtliga bostäder;2018;49613
Jämtlands län;500;samtliga bostäder;2019;49876
Jämtlands län;500;samtliga bostäder;2020;50303
Jämtlands län;500;nytillkomna bostäder;2014;175
Jämtlands län;500;nytillkomna bostäder;2015;213
Jämtlands län;500;nytillkomna bostäder;2016;610
Jämtlands län;500;nytillkomna bostäder;2017;319
Jämtlands län;500;nytillkomna bostäder;2018;357
Jämtlands län;500;nytillkomna bostäder;2019;511
Jämtlands län;500;nytillkomna bostäder;2020;310
Jämtlands län;1000;samtliga bostäder;2014;48615
Jämtlands län;1000;samtliga bostäder;2015;49166
Jämtlands län;1000;samtliga bostäder;2016;49720
Jämtlands län;1000;samtliga bostäder;2017;51196
Jämtlands län;1000;samtliga bostäder;2018;55509
Jämtlands län;1000;samtliga bostäder;2019;56141
Jämtlands län;1000;samtliga bostäder;2020;56441
Jämtlands län;1000;nytillkomna bostäder;2014;243
Jämtlands län;1000;nytillkomna bostäder;2015;225
Jämtlands län;1000;nytillkomna bostäder;2016;653
Jämtlands län;1000;nytillkomna bostäder;2017;454
Jämtlands län;1000;nytillkomna bostäder;2018;388
Jämtlands län;1000;nytillkomna bostäder;2019;598
Jämtlands län;1000;nytillkomna bostäder;2020;348
Jämtlands län;2000;samtliga bostäder;2014;51734
Jämtlands län;2000;samtliga bostäder;2015;52373
Jämtlands län;2000;samtliga bostäder;2016;52816
Jämtlands län;2000;samtliga bostäder;2017;54353
Jämtlands län;2000;samtliga bostäder;2018;58652
Jämtlands län;2000;samtliga bostäder;2019;59332
Jämtlands län;2000;samtliga bostäder;2020;59540
Jämtlands län;2000;nytillkomna bostäder;2014;261
Jämtlands län;2000;nytillkomna bostäder;2015;259
Jämtlands län;2000;nytillkomna bostäder;2016;667
Jämtlands län;2000;nytillkomna bostäder;2017;520
Jämtlands län;2000;nytillkomna bostäder;2018;394
Jämtlands län;2000;nytillkomna bostäder;2019;613
Jämtlands län;2000;nytillkomna bostäder;2020;355
Västerbottens län;400;samtliga bostäder;2014;75996
Västerbottens län;400;samtliga bostäder;2015;90558
Västerbottens län;400;samtliga bostäder;2016;92364
Västerbottens län;400;samtliga bostäder;2017;94339
Västerbottens län;400;samtliga bostäder;2018;99358
Västerbottens län;400;samtliga bostäder;2019;99961
Västerbottens län;400;samtliga bostäder;2020;101275
Västerbottens län;400;nytillkomna bostäder;2014;645
Västerbottens län;400;nytillkomna bostäder;2015;856
Västerbottens län;400;nytillkomna bostäder;2016;1385
Västerbottens län;400;nytillkomna bostäder;2017;1469
Västerbottens län;400;nytillkomna bostäder;2018;1134
Västerbottens län;400;nytillkomna bostäder;2019;617
Västerbottens län;400;nytillkomna bostäder;2020;723
Västerbottens län;500;samtliga bostäder;2014;82732
Västerbottens län;500;samtliga bostäder;2015;96887
Västerbottens län;500;samtliga bostäder;2016;98807
Västerbottens län;500;samtliga bostäder;2017;100716
Västerbottens län;500;samtliga bostäder;2018;105815
Västerbottens län;500;samtliga bostäder;2019;106416
Västerbottens län;500;samtliga bostäder;2020;108069
Västerbottens län;500;nytillkomna bostäder;2014;674
Västerbottens län;500;nytillkomna bostäder;2015;892
Västerbottens län;500;nytillkomna bostäder;2016;1635
Västerbottens län;500;nytillkomna bostäder;2017;1533
Västerbottens län;500;nytillkomna bostäder;2018;1140
Västerbottens län;500;nytillkomna bostäder;2019;619
Västerbottens län;500;nytillkomna bostäder;2020;901
Västerbottens län;1000;samtliga bostäder;2014;101716
Västerbottens län;1000;samtliga bostäder;2015;108203
Västerbottens län;1000;samtliga bostäder;2016;109966
Västerbottens län;1000;samtliga bostäder;2017;111947
Västerbottens län;1000;samtliga bostäder;2018;117224
Västerbottens län;1000;samtliga bostäder;2019;117873
Västerbottens län;1000;samtliga bostäder;2020;118990
Västerbottens län;1000;nytillkomna bostäder;2014;718
Västerbottens län;1000;nytillkomna bostäder;2015;934
Västerbottens län;1000;nytillkomna bostäder;2016;1746
Västerbottens län;1000;nytillkomna bostäder;2017;1593
Västerbottens län;1000;nytillkomna bostäder;2018;1176
Västerbottens län;1000;nytillkomna bostäder;2019;649
Västerbottens län;1000;nytillkomna bostäder;2020;932
Västerbottens län;2000;samtliga bostäder;2014;112884
Västerbottens län;2000;samtliga bostäder;2015;115676
Västerbottens län;2000;samtliga bostäder;2016;117543
Västerbottens län;2000;samtliga bostäder;2017;119053
Västerbottens län;2000;samtliga bostäder;2018;123775
Västerbottens län;2000;samtliga bostäder;2019;124330
Västerbottens län;2000;samtliga bostäder;2020;125141
Västerbottens län;2000;nytillkomna bostäder;2014;751
Västerbottens län;2000;nytillkomna bostäder;2015;979
Västerbottens län;2000;nytillkomna bostäder;2016;1787
Västerbottens län;2000;nytillkomna bostäder;2017;1630
Västerbottens län;2000;nytillkomna bostäder;2018;1213
Västerbottens län;2000;nytillkomna bostäder;2019;672
Västerbottens län;2000;nytillkomna bostäder;2020;980
Norrbottens län;400;samtliga bostäder;2014;74796
Norrbottens län;400;samtliga bostäder;2015;75609
Norrbottens län;400;samtliga bostäder;2016;80596
Norrbottens län;400;samtliga bostäder;2017;81758
Norrbottens län;400;samtliga bostäder;2018;88611
Norrbottens län;400;samtliga bostäder;2019;90574
Norrbottens län;400;samtliga bostäder;2020;89668
Norrbottens län;400;nytillkomna bostäder;2014;429
Norrbottens län;400;nytillkomna bostäder;2015;140
Norrbottens län;400;nytillkomna bostäder;2016;460
Norrbottens län;400;nytillkomna bostäder;2017;494
Norrbottens län;400;nytillkomna bostäder;2018;720
Norrbottens län;400;nytillkomna bostäder;2019;1091
Norrbottens län;400;nytillkomna bostäder;2020;192
Norrbottens län;500;samtliga bostäder;2014;82332
Norrbottens län;500;samtliga bostäder;2015;82865
Norrbottens län;500;samtliga bostäder;2016;87816
Norrbottens län;500;samtliga bostäder;2017;89035
Norrbottens län;500;samtliga bostäder;2018;95807
Norrbottens län;500;samtliga bostäder;2019;97931
Norrbottens län;500;samtliga bostäder;2020;96804
Norrbottens län;500;nytillkomna bostäder;2014;455
Norrbottens län;500;nytillkomna bostäder;2015;148
Norrbottens län;500;nytillkomna bostäder;2016;483
Norrbottens län;500;nytillkomna bostäder;2017;503
Norrbottens län;500;nytillkomna bostäder;2018;760
Norrbottens län;500;nytillkomna bostäder;2019;1123
Norrbottens län;500;nytillkomna bostäder;2020;206
Norrbottens län;1000;samtliga bostäder;2014;95965
Norrbottens län;1000;samtliga bostäder;2015;95207
Norrbottens län;1000;samtliga bostäder;2016;101151
Norrbottens län;1000;samtliga bostäder;2017;102519
Norrbottens län;1000;samtliga bostäder;2018;108715
Norrbottens län;1000;samtliga bostäder;2019;110721
Norrbottens län;1000;samtliga bostäder;2020;109302
Norrbottens län;1000;nytillkomna bostäder;2014;487
Norrbottens län;1000;nytillkomna bostäder;2015;207
Norrbottens län;1000;nytillkomna bostäder;2016;562
Norrbottens län;1000;nytillkomna bostäder;2017;518
Norrbottens län;1000;nytillkomna bostäder;2018;800
Norrbottens län;1000;nytillkomna bostäder;2019;1156
Norrbottens län;1000;nytillkomna bostäder;2020;226
Norrbottens län;2000;samtliga bostäder;2014;102268
Norrbottens län;2000;samtliga bostäder;2015;102270
Norrbottens län;2000;samtliga bostäder;2016;107358
Norrbottens län;2000;samtliga bostäder;2017;108757
Norrbottens län;2000;samtliga bostäder;2018;114450
Norrbottens län;2000;samtliga bostäder;2019;116476
Norrbottens län;2000;samtliga bostäder;2020;115277
Norrbottens län;2000;nytillkomna bostäder;2014;543
Norrbottens län;2000;nytillkomna bostäder;2015;257
Norrbottens län;2000;nytillkomna bostäder;2016;566
Norrbottens län;2000;nytillkomna bostäder;2017;527
Norrbottens län;2000;nytillkomna bostäder;2018;878
Norrbottens län;2000;nytillkomna bostäder;2019;1457
Norrbottens län;2000;nytillkomna bostäder;2020;278